date,equal_weight,buy_and_hold,top_ew[price_only],top_mv[price_only],top_rp[price_only],top_ew[price+sentiment],top_mv[price+sentiment],top_rp[price+sentiment]
2020-12-30,0.9985,0.9985,0.9985,0.9985,0.9985,0.9985,0.9985,0.9985
2020-12-31,0.9872,0.9872,0.9916,0.9911,0.9918,0.9916,0.9946,0.9918
2021-01-04,0.9891,0.9891,0.9641,0.9545,0.9692,0.9641,0.9751,0.9692
2021-01-05,1.0042,1.0042,0.9778,0.9544,0.9805,0.9778,0.975,0.9805
2021-01-06,1.0524,1.0524,1.0405,1.0209,1.0464,1.0405,1.0506,1.0464
2021-01-07,1.0568,1.0568,1.0447,1.0211,1.0509,1.0447,1.0577,1.0509
2021-01-08,1.0503,1.0503,1.0286,1.009,1.037,1.0286,1.0416,1.037
2021-01-11,1.0408,1.0408,1.0111,0.9933,1.019,1.0111,1.0243,1.019
2021-01-12,1.0428,1.0428,1.0284,1.0093,1.0362,1.0284,1.0405,1.0362
2021-01-13,1.0376,1.0376,1.0163,0.9951,1.0249,1.0163,1.0287,1.0249
2021-01-14,1.0496,1.0496,1.0277,0.9999,1.0368,1.0277,1.0388,1.0368
2021-01-15,1.0383,1.0383,1.0108,0.9803,1.019,1.0108,1.0176,1.019
2021-01-18,1.0363,1.0363,1.0126,0.9924,1.0222,1.0126,1.0271,1.0222
2021-01-19,1.0342,1.0342,0.9996,0.9743,1.0078,0.9996,1.0042,1.0078
2021-01-20,1.0365,1.0365,1.0072,0.9696,1.0138,1.0072,1.0064,1.0138
2021-01-21,1.0251,1.0251,0.993,0.9614,1.002,0.993,1.001,1.002
2021-01-22,1.0193,1.0193,0.9802,0.9486,0.988,0.9802,0.9872,0.988
2021-01-25,1.0049,1.0049,0.9442,0.9178,0.953,0.9442,0.9524,0.953
2021-01-26,1.0075,1.0075,0.9457,0.9325,0.9559,0.9457,0.9592,0.9559
2021-01-27,0.9914,0.9914,0.9091,0.8993,0.9163,0.9091,0.9173,0.9163
2021-01-28,0.9888,0.9889,0.926,0.9076,0.9335,0.9266,0.9353,0.9341
2021-01-29,0.968,0.9683,0.9031,0.8784,0.914,0.909,0.917,0.9164
2021-02-01,0.9753,0.9752,0.9068,0.8842,0.9176,0.9163,0.9185,0.925
2021-02-02,0.9806,0.9797,0.8997,0.8691,0.9104,0.927,0.9218,0.9346
2021-02-03,0.9815,0.9809,0.9105,0.8632,0.9278,0.9318,0.93,0.938
2021-02-04,0.9888,0.9873,0.9103,0.8668,0.9267,0.9469,0.9285,0.9524
2021-02-05,0.9933,0.9916,0.9098,0.8621,0.9249,0.9564,0.9383,0.9597
2021-02-08,0.9994,0.9978,0.9195,0.8762,0.9352,0.9673,0.9531,0.9704
2021-02-09,1.0005,0.999,0.9147,0.8682,0.9319,0.9693,0.9532,0.9735
2021-02-10,1.0058,1.0044,0.923,0.8768,0.941,0.9744,0.9637,0.9794
2021-02-11,0.9984,0.9971,0.918,0.8741,0.9367,0.9648,0.9524,0.9711
2021-02-12,1.0044,1.0033,0.9261,0.881,0.9445,0.9694,0.961,0.9753
2021-02-15,1.023,1.021,0.9649,0.9236,0.9821,1.0123,1.0089,1.0155
2021-02-16,1.0302,1.0278,0.9705,0.9395,0.984,1.0184,1.014,1.0216
2021-02-17,1.0287,1.0265,0.9756,0.9506,0.9859,1.0125,1.0131,1.0154
2021-02-18,1.0007,0.9994,0.941,0.9024,0.9593,0.9848,0.9913,0.9902
2021-02-19,1.0135,1.0114,0.9591,0.93,0.974,0.9991,1.0079,1.0022
2021-02-22,1.0232,1.0206,0.9795,0.9644,0.9867,1.0073,1.0159,1.0099
2021-02-23,1.0327,1.0294,0.9837,0.9733,0.9892,1.0239,1.0229,1.0264
2021-02-24,1.0442,1.0405,1.0054,1.0144,1.0029,1.0439,1.0458,1.0454
2021-02-25,1.0464,1.0433,1.0118,1.0234,1.0093,1.0466,1.0523,1.0496
2021-02-26,1.0203,1.0163,0.9889,1.0128,0.9881,1.0191,1.0387,1.0224
2021-03-01,1.0305,1.027,1.0031,1.0207,1.0002,1.0317,1.046,1.0348
2021-03-02,1.0335,1.0302,1.0025,1.0224,1.0007,1.0321,1.0456,1.0353
2021-03-03,1.049,1.0465,1.0351,1.062,1.032,1.0559,1.0758,1.0592
2021-03-04,1.0405,1.0366,1.0163,1.042,1.0114,1.0515,1.0576,1.0539
2021-03-05,1.043,1.039,1.01,1.0563,1.0092,1.057,1.0565,1.0589
2021-03-08,1.0654,1.0624,1.0517,1.0902,1.0476,1.0767,1.0899,1.0794
2021-03-09,1.0585,1.0542,1.033,1.0751,1.0294,1.0634,1.0718,1.0657
2021-03-10,1.057,1.0521,1.0247,1.0653,1.0211,1.0605,1.0635,1.0626
2021-03-11,1.0545,1.0504,1.0279,1.0628,1.0239,1.0659,1.0623,1.0679
2021-03-12,1.0656,1.0614,1.0461,1.0906,1.0425,1.0791,1.0794,1.0812
2021-03-15,1.0612,1.0559,1.045,1.0841,1.0382,1.0628,1.0695,1.0651
2021-03-16,1.0691,1.0626,1.057,1.0868,1.0466,1.0555,1.0677,1.0582
2021-03-17,1.0709,1.0642,1.062,1.0865,1.0481,1.0565,1.0695,1.059
2021-03-18,1.0739,1.0678,1.0677,1.1001,1.0568,1.0609,1.0807,1.0638
2021-03-19,1.0595,1.053,1.0469,1.096,1.0409,1.0496,1.0728,1.0525
2021-03-22,1.0572,1.0499,1.037,1.0981,1.035,1.0498,1.0777,1.0527
2021-03-23,1.0487,1.0406,1.0229,1.1014,1.0255,1.0327,1.0776,1.0361
2021-03-24,1.0562,1.0491,1.0413,1.1158,1.0432,1.0504,1.0933,1.0539
2021-03-25,1.0436,1.0355,1.0182,1.0912,1.0192,1.0204,1.0643,1.0239
2021-03-26,1.0582,1.0506,1.0405,1.1088,1.0449,1.0426,1.0816,1.0482
2021-03-29,1.0551,1.0468,1.0318,1.0963,1.0353,1.0382,1.0735,1.0446
2021-03-30,1.0702,1.0628,1.0572,1.1296,1.0598,1.0634,1.1079,1.0691
2021-03-31,1.0561,1.0485,1.0413,1.1158,1.0465,1.0478,1.0947,1.0559
2021-04-01,1.0561,1.0485,1.0445,1.1067,1.0452,1.0532,1.0869,1.0578
2021-04-06,1.0698,1.062,1.0636,1.1244,1.064,1.0752,1.1072,1.0802
2021-04-07,1.0803,1.0726,1.0748,1.1427,1.0774,1.0849,1.1226,1.0917
2021-04-08,1.0828,1.0744,1.0783,1.1496,1.0824,1.0858,1.1252,1.0935
2021-04-09,1.0738,1.0652,1.0682,1.136,1.0699,1.072,1.1075,1.0762
2021-04-12,1.0707,1.0631,1.0589,1.1348,1.0633,1.0609,1.1073,1.0667
2021-04-13,1.0664,1.0586,1.0565,1.1326,1.0619,1.0602,1.1078,1.0671
2021-04-14,1.0785,1.0715,1.0758,1.1476,1.0842,1.0837,1.1267,1.0944
2021-04-15,1.0781,1.0701,1.073,1.1473,1.084,1.0879,1.1339,1.103
2021-04-16,1.0848,1.0769,1.0782,1.166,1.0929,1.0897,1.1497,1.1074
2021-04-19,1.0849,1.0767,1.0807,1.1668,1.0956,1.0924,1.1495,1.1102
2021-04-20,1.0575,1.0489,1.0426,1.1369,1.0607,1.0573,1.1229,1.0802
2021-04-21,1.0636,1.0547,1.0442,1.1355,1.0621,1.0631,1.1255,1.0872
2021-04-22,1.0634,1.0547,1.0524,1.1405,1.0675,1.0606,1.1203,1.077
2021-04-23,1.0632,1.055,1.0588,1.152,1.0773,1.0638,1.127,1.0824
2021-04-26,1.0763,1.0687,1.087,1.1683,1.1009,1.091,1.1428,1.1038
2021-04-27,1.0746,1.0676,1.078,1.1523,1.096,1.0821,1.1418,1.0988
2021-04-28,1.0831,1.0768,1.089,1.1575,1.1076,1.0931,1.1598,1.1104
2021-04-29,1.0815,1.0746,1.0794,1.1521,1.0984,1.0834,1.1585,1.1012
2021-04-30,1.0821,1.0736,1.0783,1.1421,1.0928,1.0823,1.1483,1.0956
2021-05-04,1.0758,1.0672,1.0677,1.1415,1.0865,1.0717,1.1469,1.0893
2021-05-05,1.0982,1.091,1.1015,1.1875,1.1256,1.1056,1.1905,1.1285
2021-05-06,1.1034,1.0955,1.106,1.1984,1.1296,1.1101,1.1961,1.1325
2021-05-07,1.1132,1.1059,1.1275,1.2238,1.1495,1.1318,1.2176,1.1525
2021-05-10,1.1234,1.1164,1.1471,1.2527,1.1688,1.1514,1.2483,1.1718
2021-05-11,1.0952,1.0885,1.1173,1.2293,1.1424,1.1215,1.2263,1.1454
2021-05-12,1.1095,1.1026,1.1248,1.2418,1.1505,1.1291,1.2417,1.1534
2021-05-13,1.0996,1.0918,1.1063,1.2068,1.1275,1.1104,1.2162,1.1304
2021-05-14,1.1141,1.1058,1.1177,1.2015,1.1329,1.1219,1.2241,1.1358
2021-05-17,1.1136,1.1054,1.113,1.2064,1.1355,1.1172,1.2279,1.1384
2021-05-18,1.1092,1.1014,1.12,1.2048,1.1421,1.1242,1.2322,1.145
2021-05-19,1.096,1.0872,1.102,1.1716,1.1193,1.1061,1.2018,1.1222
2021-05-20,1.0991,1.091,1.1065,1.168,1.1236,1.1106,1.2013,1.1265
2021-05-21,1.1004,1.0923,1.1092,1.1664,1.1236,1.1133,1.2008,1.1265
2021-05-24,1.1054,1.0973,1.1128,1.1696,1.1268,1.117,1.2054,1.1297
2021-05-25,1.0988,1.0906,1.1044,1.1509,1.1165,1.1098,1.1944,1.1208
2021-05-26,1.0955,1.0873,1.095,1.1411,1.1089,1.1025,1.1796,1.1159
2021-05-27,1.1065,1.0997,1.1134,1.1603,1.1233,1.1298,1.2133,1.1423
2021-05-28,1.1067,1.0999,1.1101,1.1568,1.1192,1.1303,1.2157,1.1429
2021-06-01,1.1167,1.1101,1.1189,1.166,1.1246,1.1488,1.223,1.1616
2021-06-02,1.1249,1.1182,1.1317,1.1793,1.1333,1.1648,1.2348,1.1751
2021-06-03,1.1198,1.1129,1.1244,1.1717,1.1293,1.1533,1.2257,1.165
2021-06-04,1.1164,1.1094,1.1154,1.1624,1.1249,1.1429,1.2085,1.1569
2021-06-07,1.1198,1.1126,1.1266,1.1741,1.1318,1.1498,1.227,1.1606
2021-06-08,1.1186,1.1109,1.1204,1.1676,1.123,1.1503,1.2188,1.1593
2021-06-09,1.1156,1.1068,1.1224,1.1697,1.1272,1.1426,1.2053,1.1489
2021-06-10,1.1172,1.1081,1.123,1.1703,1.1322,1.1386,1.2004,1.1465
2021-06-11,1.1254,1.1164,1.1304,1.178,1.1394,1.1503,1.2076,1.159
2021-06-14,1.1247,1.1159,1.1234,1.1707,1.1385,1.1416,1.192,1.1551
2021-06-15,1.127,1.1177,1.1289,1.1765,1.1435,1.141,1.1963,1.1531
2021-06-16,1.126,1.1161,1.1296,1.1771,1.1427,1.1378,1.1968,1.1466
2021-06-17,1.1231,1.1126,1.1346,1.1824,1.145,1.1315,1.2044,1.1363
2021-06-18,1.0976,1.0874,1.1026,1.1491,1.118,1.0995,1.1714,1.1057
2021-06-21,1.1035,1.0931,1.1118,1.1586,1.1254,1.1099,1.1817,1.1154
2021-06-22,1.1063,1.0964,1.111,1.1578,1.1254,1.117,1.1804,1.125
2021-06-23,1.1089,1.0993,1.1154,1.1617,1.1278,1.123,1.1874,1.1302
2021-06-24,1.1111,1.1021,1.1199,1.1579,1.1355,1.1245,1.1889,1.1339
2021-06-25,1.1127,1.1038,1.1217,1.1549,1.1399,1.1255,1.1868,1.1371
2021-06-28,1.096,1.0867,1.0918,1.1104,1.1146,1.0973,1.1556,1.1144
2021-06-29,1.0976,1.0889,1.0946,1.1066,1.1204,1.0965,1.1575,1.1154
2021-06-30,1.0924,1.0835,1.0859,1.1034,1.1096,1.0938,1.1523,1.1124
2021-07-01,1.1066,1.0981,1.1019,1.126,1.1239,1.1142,1.1771,1.1315
2021-07-02,1.1035,1.0943,1.1037,1.1324,1.1244,1.1097,1.1664,1.1254
2021-07-05,1.1165,1.1072,1.1242,1.1504,1.1442,1.1348,1.1948,1.1512
2021-07-06,1.0991,1.0883,1.0911,1.1179,1.1088,1.1161,1.1633,1.1343
2021-07-07,1.1035,1.0927,1.0962,1.1078,1.1198,1.1153,1.1619,1.138
2021-07-08,1.0883,1.077,1.0756,1.0992,1.0957,1.1012,1.1377,1.1226
2021-07-09,1.1057,1.095,1.1032,1.1138,1.128,1.1192,1.1635,1.1421
2021-07-12,1.1035,1.0935,1.0886,1.0872,1.1186,1.1062,1.1527,1.1343
2021-07-13,1.0971,1.0866,1.0752,1.071,1.1067,1.0958,1.1362,1.1265
2021-07-14,1.0958,1.086,1.078,1.0699,1.1111,1.094,1.1375,1.125
2021-07-15,1.0825,1.0729,1.0693,1.0511,1.1047,1.0786,1.1256,1.1097
2021-07-16,1.0761,1.0649,1.0499,1.0456,1.0789,1.0745,1.1131,1.1039
2021-07-19,1.0436,1.0317,1.0043,0.9905,1.0355,1.0306,1.0597,1.0637
2021-07-20,1.0532,1.0417,1.022,1.0102,1.0518,1.0423,1.0793,1.0716
2021-07-21,1.0771,1.0664,1.0616,1.0591,1.0871,1.0766,1.1251,1.0996
2021-07-22,1.0644,1.0537,1.0402,1.0289,1.0599,1.0666,1.1126,1.0916
2021-07-23,1.076,1.0653,1.0507,1.0431,1.0723,1.0808,1.1198,1.1059
2021-07-26,1.0828,1.0732,1.0579,1.0385,1.0744,1.0858,1.134,1.1068
2021-07-27,1.0824,1.0724,1.0583,1.0406,1.0755,1.0823,1.1313,1.1028
2021-07-28,1.0877,1.0777,1.0604,1.0454,1.0766,1.0814,1.1349,1.1013
2021-07-29,1.1004,1.0903,1.0701,1.0622,1.087,1.0875,1.1354,1.1072
2021-07-30,1.0909,1.0805,1.0608,1.0603,1.0804,1.0766,1.1196,1.0978
2021-08-02,1.1003,1.0897,1.0642,1.0614,1.0826,1.0835,1.1265,1.1041
2021-08-03,1.1105,1.1002,1.0818,1.0658,1.0985,1.1039,1.1586,1.1223
2021-08-04,1.1114,1.1014,1.0845,1.0702,1.0998,1.1049,1.1576,1.1223
2021-08-05,1.1126,1.1013,1.0813,1.0714,1.0962,1.1038,1.15,1.1226
2021-08-06,1.119,1.1076,1.0927,1.0817,1.1062,1.1109,1.1544,1.127
2021-08-09,1.1189,1.108,1.0958,1.0898,1.11,1.1134,1.1529,1.1302
2021-08-10,1.1228,1.112,1.0983,1.0902,1.1114,1.1148,1.157,1.1307
2021-08-11,1.1334,1.1225,1.1039,1.0973,1.1174,1.1214,1.1607,1.1371
2021-08-12,1.1246,1.1137,1.0962,1.0896,1.1105,1.1217,1.1572,1.1394
2021-08-13,1.1276,1.1161,1.0968,1.0954,1.1121,1.1218,1.1549,1.1409
2021-08-16,1.1157,1.104,1.0811,1.0837,1.0973,1.1111,1.1389,1.132
2021-08-17,1.1188,1.1059,1.0825,1.0856,1.0996,1.1126,1.1424,1.1351
2021-08-18,1.1168,1.1033,1.0755,1.0765,1.0908,1.1145,1.14,1.1389
2021-08-19,1.097,1.0831,1.0517,1.0445,1.0705,1.1066,1.1319,1.1309
2021-08-20,1.1016,1.0876,1.0568,1.0502,1.0757,1.1144,1.1399,1.1385
2021-08-23,1.109,1.0948,1.0682,1.0736,1.0841,1.1157,1.1413,1.139
2021-08-24,1.1146,1.1004,1.0696,1.0802,1.0834,1.113,1.1385,1.1353
2021-08-25,1.1186,1.105,1.0679,1.08,1.0816,1.1157,1.1412,1.1371
2021-08-26,1.1155,1.1018,1.0676,1.0799,1.0816,1.1177,1.1433,1.1384
2021-08-27,1.1225,1.109,1.077,1.0949,1.0892,1.1214,1.1471,1.1416
2021-08-31,1.1109,1.097,1.0671,1.0842,1.0801,1.1114,1.1368,1.1325
2021-09-01,1.1105,1.0966,1.066,1.0813,1.0799,1.1128,1.1383,1.1343
2021-09-02,1.1137,1.1002,1.076,1.0945,1.0885,1.1144,1.1399,1.1358
2021-09-03,1.1084,1.0951,1.0685,1.085,1.0821,1.1116,1.137,1.133
2021-09-06,1.1147,1.1018,1.0741,1.092,1.0876,1.1172,1.1428,1.1387
2021-09-07,1.1089,1.0956,1.0695,1.0936,1.0817,1.1122,1.1377,1.133
2021-09-08,1.1004,1.0866,1.0638,1.0897,1.0752,1.1034,1.1287,1.1243
2021-09-09,1.0891,1.0759,1.0534,1.0781,1.0647,1.091,1.1159,1.1112
2021-09-10,1.0869,1.0738,1.0524,1.0791,1.063,1.0833,1.1081,1.1036
2021-09-13,1.0996,1.0866,1.0633,1.0967,1.0715,1.0893,1.1143,1.1086
2021-09-14,1.09,1.0771,1.0596,1.0924,1.068,1.0825,1.1072,1.1021
2021-09-15,1.091,1.079,1.0658,1.1076,1.0707,1.0778,1.1024,1.096
2021-09-16,1.0906,1.0787,1.0622,1.1021,1.0682,1.0814,1.1055,1.0992
2021-09-17,1.0879,1.0761,1.0588,1.0904,1.0611,1.0802,1.0934,1.0954
2021-09-20,1.0803,1.0667,1.0676,1.0944,1.0736,1.0977,1.1095,1.1128
2021-09-21,1.0875,1.0733,1.0788,1.0984,1.0823,1.1088,1.1158,1.1206
2021-09-22,1.1102,1.0966,1.0968,1.1144,1.0943,1.1219,1.1247,1.129
2021-09-23,1.1172,1.1044,1.1123,1.121,1.1026,1.1334,1.1288,1.133
2021-09-24,1.1214,1.1088,1.1282,1.1286,1.1132,1.1504,1.1373,1.1438
2021-09-27,1.1428,1.13,1.1573,1.1342,1.1191,1.1771,1.129,1.148
2021-09-28,1.1421,1.1302,1.1513,1.1457,1.1195,1.1727,1.138,1.1497
2021-09-29,1.1567,1.1448,1.1712,1.1646,1.1414,1.1928,1.1621,1.1708
2021-09-30,1.154,1.1433,1.1673,1.1642,1.1418,1.1845,1.165,1.1669
2021-10-01,1.1439,1.1333,1.1633,1.1563,1.1321,1.1825,1.1526,1.1593
2021-10-04,1.1473,1.1369,1.164,1.1601,1.1333,1.1835,1.1564,1.1604
2021-10-05,1.1647,1.156,1.1834,1.1749,1.1473,1.195,1.1669,1.1676
2021-10-06,1.1564,1.1461,1.1644,1.1574,1.1318,1.178,1.1518,1.1544
2021-10-07,1.1677,1.1563,1.1692,1.157,1.1362,1.1833,1.1537,1.1601
2021-10-08,1.1755,1.1641,1.1736,1.1534,1.1373,1.1882,1.1503,1.1625
2021-10-11,1.1918,1.1814,1.1904,1.1719,1.1516,1.2065,1.1666,1.1788
2021-10-12,1.1891,1.1795,1.1861,1.1727,1.1476,1.2046,1.1646,1.1779
2021-10-13,1.1813,1.1717,1.1802,1.1748,1.1434,1.2044,1.1657,1.1785
2021-10-14,1.1911,1.1823,1.1884,1.1902,1.1504,1.2127,1.177,1.1855
2021-10-15,1.1994,1.1922,1.1996,1.1987,1.1604,1.2165,1.1796,1.1866
2021-10-18,1.1956,1.1887,1.1956,1.1946,1.1575,1.2126,1.1792,1.1838
2021-10-19,1.1941,1.186,1.188,1.1907,1.1545,1.1994,1.1603,1.1722
2021-10-20,1.1924,1.1841,1.1839,1.189,1.1517,1.1882,1.1551,1.1636
2021-10-21,1.1801,1.1711,1.1797,1.1872,1.1489,1.1697,1.1406,1.148
2021-10-22,1.183,1.1736,1.1776,1.1923,1.1508,1.1688,1.1436,1.1509
2021-10-25,1.1876,1.1784,1.1822,1.1978,1.1577,1.1714,1.151,1.1552
2021-10-26,1.1921,1.1824,1.1891,1.2027,1.163,1.1758,1.1523,1.1588
2021-10-27,1.1835,1.1734,1.1776,1.1923,1.1526,1.1629,1.1351,1.1464
2021-10-28,1.1782,1.1679,1.1717,1.1912,1.1487,1.1599,1.1341,1.1452
2021-10-29,1.1758,1.1655,1.1768,1.1977,1.154,1.1655,1.1427,1.1509
2021-11-01,1.186,1.1755,1.1856,1.205,1.1621,1.1742,1.147,1.1582
2021-11-02,1.18,1.1681,1.1843,1.2116,1.1643,1.1626,1.1331,1.1489
2021-11-03,1.1759,1.1639,1.1836,1.2087,1.1632,1.1594,1.132,1.1456
2021-11-04,1.1694,1.156,1.1852,1.2106,1.1635,1.1474,1.1205,1.1306
2021-11-05,1.1807,1.1682,1.1961,1.2076,1.1659,1.1641,1.1208,1.1394
2021-11-08,1.1802,1.1684,1.197,1.2113,1.1675,1.1679,1.1286,1.1432
2021-11-09,1.178,1.1651,1.202,1.2082,1.1679,1.1696,1.1235,1.1417
2021-11-10,1.1879,1.1746,1.2117,1.2189,1.1789,1.1755,1.1263,1.1472
2021-11-11,1.1972,1.1846,1.2173,1.2284,1.1857,1.1898,1.1468,1.162
2021-11-12,1.1855,1.1721,1.2083,1.2168,1.1781,1.1768,1.1344,1.1496
2021-11-15,1.1878,1.1748,1.2126,1.2207,1.1822,1.1822,1.1388,1.1549
2021-11-16,1.1874,1.1746,1.214,1.2314,1.1829,1.1896,1.1518,1.1627
2021-11-17,1.1827,1.1712,1.2048,1.2254,1.1754,1.1831,1.149,1.1581
2021-11-18,1.1745,1.1627,1.202,1.216,1.1722,1.1785,1.1388,1.1528
2021-11-19,1.1631,1.1501,1.1774,1.1913,1.1508,1.151,1.1158,1.1274
2021-11-22,1.175,1.1616,1.1925,1.21,1.1663,1.1672,1.1351,1.1444
2021-11-23,1.1817,1.1679,1.1925,1.2138,1.1659,1.1687,1.1393,1.1457
2021-11-24,1.185,1.1707,1.1959,1.2228,1.1698,1.1699,1.1468,1.1473
2021-11-25,1.1851,1.1713,1.2046,1.229,1.1771,1.1793,1.152,1.1558
2021-11-26,1.1281,1.1112,1.122,1.1372,1.1032,1.082,1.0622,1.0632
2021-11-29,1.1385,1.1223,1.135,1.1573,1.1155,1.0986,1.0832,1.0799
2021-11-30,1.1352,1.1196,1.1351,1.1581,1.1153,1.1006,1.0849,1.0821
2021-12-01,1.1544,1.1397,1.1577,1.1795,1.1361,1.1258,1.1056,1.1063
2021-12-02,1.1505,1.1346,1.1577,1.1877,1.1365,1.1224,1.1111,1.1031
2021-12-03,1.148,1.1325,1.1605,1.193,1.1398,1.1211,1.114,1.1018
2021-12-06,1.1624,1.1469,1.1732,1.2054,1.1498,1.1321,1.1222,1.1103
2021-12-07,1.1771,1.1614,1.1886,1.2273,1.1648,1.1499,1.1443,1.1279
2021-12-08,1.1737,1.1582,1.1789,1.2194,1.1566,1.1411,1.1387,1.1206
2021-12-09,1.1672,1.1506,1.1595,1.1995,1.1394,1.1187,1.1194,1.0996
2021-12-10,1.163,1.1461,1.1572,1.1958,1.1385,1.1144,1.1129,1.0966
2021-12-13,1.1468,1.1289,1.1402,1.1729,1.1255,1.0951,1.0877,1.0812
2021-12-14,1.1541,1.1363,1.1439,1.1708,1.1278,1.1033,1.0913,1.0876
2021-12-15,1.1378,1.1203,1.1192,1.1453,1.1054,1.0772,1.0638,1.0636
2021-12-16,1.1597,1.143,1.1283,1.1514,1.1138,1.0921,1.0755,1.0772
2021-12-17,1.1568,1.1392,1.1365,1.1565,1.1211,1.0941,1.078,1.0793
2021-12-20,1.1413,1.1234,1.12,1.1395,1.1072,1.0679,1.0541,1.0565
2021-12-21,1.162,1.1446,1.1402,1.1641,1.1259,1.0952,1.0842,1.0814
2021-12-22,1.1683,1.1519,1.1511,1.1788,1.1337,1.1023,1.0981,1.0865
2021-12-23,1.1758,1.1597,1.1585,1.187,1.1387,1.1098,1.1076,1.0918
2021-12-24,1.1752,1.1588,1.1577,1.1897,1.1379,1.1112,1.1113,1.0928
2021-12-29,1.18,1.164,1.167,1.1962,1.1466,1.1112,1.1135,1.0937
2021-12-30,1.1797,1.1631,1.1675,1.1999,1.1467,1.1137,1.121,1.0952
2021-12-31,1.1756,1.1588,1.1643,1.1985,1.144,1.1112,1.1201,1.0933
2022-01-04,1.2075,1.1922,1.1917,1.2227,1.1679,1.1423,1.1423,1.1206
2022-01-05,1.2136,1.1989,1.1947,1.2212,1.1672,1.1468,1.1473,1.121
2022-01-06,1.2154,1.2013,1.1845,1.2134,1.16,1.1455,1.1432,1.1215
2022-01-07,1.2293,1.2157,1.1929,1.2231,1.1687,1.1629,1.1596,1.1385
2022-01-10,1.2364,1.2216,1.2041,1.2416,1.1838,1.1748,1.171,1.1537
2022-01-11,1.2406,1.2258,1.1967,1.234,1.1762,1.1767,1.1693,1.154
2022-01-12,1.2539,1.2404,1.2092,1.2432,1.1852,1.1975,1.1764,1.1731
2022-01-13,1.2629,1.2505,1.2235,1.2555,1.1977,1.2157,1.1943,1.1912
2022-01-14,1.2647,1.2529,1.2219,1.2519,1.1996,1.221,1.2052,1.1968
2022-01-17,1.2737,1.2639,1.2113,1.2217,1.1774,1.2327,1.2184,1.208
2022-01-18,1.2717,1.2618,1.1943,1.1967,1.1555,1.2244,1.2092,1.1992
2022-01-19,1.2715,1.2603,1.197,1.2107,1.1657,1.2195,1.2037,1.1938
2022-01-20,1.2609,1.2488,1.1871,1.2034,1.1556,1.2015,1.1815,1.176
2022-01-21,1.2447,1.2322,1.1664,1.1881,1.1397,1.179,1.1606,1.1537
2022-01-24,1.2163,1.1986,1.1351,1.1851,1.1272,1.1234,1.1067,1.0995
2022-01-25,1.2409,1.2242,1.1552,1.1992,1.1439,1.1558,1.1391,1.1319
2022-01-26,1.2624,1.2483,1.1699,1.203,1.1515,1.1886,1.1681,1.1637
2022-01-27,1.2762,1.2613,1.1719,1.2057,1.1551,1.1941,1.1747,1.1691
2022-01-28,1.2572,1.2414,1.1449,1.1783,1.1297,1.1681,1.1535,1.1439
2022-01-31,1.247,1.2312,1.1412,1.176,1.126,1.1598,1.147,1.1365
2022-02-01,1.265,1.2512,1.1625,1.1887,1.1418,1.1887,1.1741,1.1643
2022-02-02,1.2712,1.2571,1.1672,1.1944,1.1486,1.1984,1.1906,1.1744
2022-02-03,1.2726,1.259,1.1754,1.2022,1.1563,1.2045,1.1956,1.1803
2022-02-04,1.2704,1.2567,1.1584,1.1933,1.1424,1.195,1.1692,1.1694
2022-02-07,1.2864,1.2726,1.1788,1.2119,1.1616,1.2117,1.1851,1.1858
2022-02-08,1.2882,1.274,1.1856,1.2197,1.1673,1.2094,1.1852,1.1834
2022-02-09,1.2999,1.2865,1.1981,1.2287,1.177,1.2231,1.1902,1.1938
2022-02-10,1.3095,1.2952,1.2013,1.2251,1.178,1.2255,1.1837,1.194
2022-02-11,1.3108,1.2964,1.215,1.2504,1.1945,1.235,1.2029,1.207
2022-02-14,1.2825,1.268,1.1845,1.2116,1.1639,1.2167,1.184,1.1874
2022-02-15,1.296,1.2804,1.1824,1.2132,1.1633,1.2133,1.1832,1.185
2022-02-16,1.294,1.2784,1.1893,1.2171,1.1686,1.2226,1.1905,1.1929
2022-02-17,1.2782,1.2622,1.1704,1.2029,1.1512,1.2035,1.1721,1.1754
2022-02-18,1.2745,1.2577,1.1712,1.2041,1.1535,1.2054,1.1776,1.1787
2022-02-21,1.2717,1.2549,1.1677,1.199,1.1499,1.2007,1.1722,1.1743
2022-02-22,1.2732,1.257,1.1659,1.1919,1.1469,1.1997,1.1696,1.1716
2022-02-23,1.2784,1.2625,1.1644,1.1964,1.1477,1.197,1.174,1.171
2022-02-24,1.2206,1.2064,1.1124,1.1316,1.0945,1.1672,1.1474,1.1385
2022-02-25,1.268,1.2541,1.155,1.1735,1.1357,1.206,1.1809,1.1755
2022-02-28,1.2632,1.2465,1.1427,1.1558,1.1245,1.201,1.1777,1.171
2022-03-01,1.2401,1.223,1.1261,1.1325,1.1068,1.1978,1.1677,1.1659
2022-03-02,1.2598,1.2442,1.1556,1.1521,1.1315,1.2311,1.1914,1.194
2022-03-03,1.2323,1.2181,1.123,1.1176,1.0995,1.216,1.1637,1.1766
2022-03-04,1.1877,1.1726,1.0822,1.0749,1.0581,1.1749,1.1141,1.1352
2022-03-07,1.1921,1.1795,1.0942,1.0773,1.0664,1.2037,1.1451,1.1588
2022-03-08,1.2023,1.1921,1.1083,1.0967,1.0793,1.2154,1.1559,1.1697
2022-03-09,1.2289,1.2122,1.1147,1.1174,1.0857,1.2401,1.1732,1.1953
2022-03-10,1.2143,1.2027,1.1072,1.0925,1.0807,1.2287,1.136,1.1863
2022-03-11,1.226,1.2146,1.1197,1.1045,1.0922,1.2453,1.1475,1.1989
2022-03-14,1.2344,1.2171,1.0973,1.0914,1.0705,1.2354,1.1324,1.1934
2022-03-15,1.2264,1.2082,1.0827,1.0805,1.057,1.2152,1.1204,1.1776
2022-03-16,1.2429,1.2228,1.1023,1.1027,1.0751,1.2427,1.1452,1.2002
2022-03-17,1.2508,1.232,1.1174,1.1227,1.0911,1.2396,1.158,1.1968
2022-03-18,1.2511,1.2322,1.1128,1.121,1.0872,1.2432,1.157,1.2016
2022-03-21,1.2629,1.2479,1.1389,1.1391,1.1136,1.2606,1.1696,1.2161
2022-03-22,1.2744,1.2587,1.138,1.1333,1.1111,1.2733,1.1714,1.2275
2022-03-23,1.273,1.2619,1.1526,1.1414,1.1284,1.2691,1.1633,1.2239
2022-03-24,1.2771,1.2653,1.1537,1.1515,1.13,1.2703,1.1677,1.2246
2022-03-25,1.2943,1.2785,1.2038,1.1998,1.1662,1.3196,1.2528,1.2545
2022-03-28,1.2757,1.2606,1.165,1.1695,1.137,1.2857,1.2007,1.2363
2022-03-29,1.2786,1.2579,1.1635,1.1854,1.1335,1.2924,1.217,1.2396
2022-03-30,1.2902,1.2729,1.1927,1.2099,1.1626,1.3093,1.241,1.255
2022-03-31,1.2716,1.2566,1.1828,1.2042,1.1542,1.2935,1.2253,1.2382
2022-04-01,1.2788,1.2641,1.1882,1.208,1.1606,1.3039,1.2322,1.2506
2022-04-04,1.2753,1.2609,1.1868,1.2067,1.1588,1.2952,1.2259,1.2402
2022-04-05,1.2815,1.2695,1.1942,1.2098,1.1683,1.2916,1.2125,1.2369
2022-04-06,1.2754,1.2648,1.1803,1.1985,1.1557,1.2783,1.2053,1.2254
2022-04-07,1.2693,1.2588,1.1711,1.189,1.1479,1.2637,1.1875,1.2123
2022-04-08,1.2912,1.2829,1.1838,1.1978,1.1618,1.2853,1.2137,1.2354
2022-04-11,1.2931,1.2836,1.1849,1.1942,1.1624,1.2853,1.2065,1.2347
2022-04-12,1.2825,1.2763,1.1693,1.1782,1.1507,1.2686,1.2059,1.2227
2022-04-13,1.2836,1.2781,1.175,1.184,1.1566,1.2757,1.2134,1.2298
2022-04-14,1.292,1.2852,1.1891,1.2009,1.1682,1.2908,1.2195,1.242
2022-04-19,1.2961,1.2901,1.199,1.2082,1.1767,1.3089,1.2366,1.2586
2022-04-20,1.2925,1.2855,1.1859,1.1732,1.1652,1.3046,1.2267,1.2566
2022-04-21,1.2903,1.2785,1.1797,1.1687,1.156,1.304,1.207,1.2533
2022-04-22,1.2704,1.258,1.1498,1.1337,1.1292,1.271,1.1818,1.2243
2022-04-25,1.2396,1.223,1.1058,1.0781,1.0873,1.2219,1.1338,1.1782
2022-04-26,1.2449,1.2306,1.1144,1.0794,1.0987,1.2338,1.1596,1.1931
2022-04-27,1.2524,1.2408,1.1267,1.0954,1.1132,1.2385,1.1733,1.1996
2022-04-28,1.2673,1.2556,1.133,1.0977,1.1189,1.2539,1.1895,1.2147
2022-04-29,1.2691,1.2593,1.1347,1.106,1.1203,1.251,1.1969,1.2112
2022-05-03,1.2834,1.2733,1.1338,1.1023,1.1189,1.2579,1.1928,1.218
2022-05-04,1.2738,1.2651,1.1203,1.0846,1.1055,1.2508,1.188,1.2117
2022-05-05,1.2679,1.2604,1.0978,1.0726,1.0828,1.2352,1.1843,1.1971
2022-05-06,1.2599,1.2543,1.0882,1.0623,1.0742,1.228,1.1797,1.1914
2022-05-09,1.2315,1.2216,1.0504,1.0226,1.0371,1.184,1.1328,1.1489
2022-05-10,1.2336,1.2234,1.0463,1.0204,1.0332,1.1846,1.131,1.1495
2022-05-11,1.2503,1.2422,1.0769,1.0561,1.0631,1.2161,1.1664,1.1798
2022-05-12,1.2317,1.219,1.0538,1.0267,1.0408,1.1913,1.138,1.1563
2022-05-13,1.2592,1.2466,1.0807,1.0532,1.0671,1.2196,1.1647,1.1835
2022-05-16,1.2685,1.2594,1.0886,1.0625,1.0749,1.2251,1.172,1.1889
2022-05-17,1.2763,1.27,1.1055,1.0792,1.0914,1.238,1.1894,1.2015
2022-05-18,1.2681,1.2623,1.1018,1.0746,1.0878,1.235,1.1822,1.1985
2022-05-19,1.2482,1.2444,1.0865,1.0617,1.0728,1.2188,1.1678,1.1828
2022-05-20,1.2611,1.2561,1.0941,1.0716,1.0802,1.2292,1.1811,1.1928
2022-05-23,1.2863,1.2828,1.1236,1.0965,1.1094,1.2594,1.2101,1.2223
2022-05-24,1.2883,1.286,1.125,1.0937,1.1107,1.2498,1.2029,1.213
2022-05-25,1.2957,1.2923,1.1368,1.1062,1.1224,1.263,1.2185,1.2258
2022-05-26,1.3081,1.3031,1.1526,1.1145,1.138,1.2803,1.2288,1.2427
2022-05-27,1.3109,1.3056,1.1586,1.1176,1.1441,1.2821,1.2346,1.2447
2022-05-30,1.3127,1.306,1.1638,1.1205,1.1492,1.286,1.2402,1.2486
2022-05-31,1.3167,1.3078,1.1611,1.1205,1.1466,1.2852,1.2413,1.2477
2022-06-01,1.3124,1.3045,1.155,1.1166,1.1405,1.2818,1.2371,1.2443
2022-06-06,1.3294,1.3214,1.1799,1.1429,1.1649,1.3065,1.2667,1.2683
2022-06-07,1.3301,1.3234,1.1809,1.1527,1.1656,1.3132,1.2774,1.2743
2022-06-08,1.3327,1.3264,1.174,1.1471,1.1587,1.3084,1.2717,1.2687
2022-06-09,1.3125,1.3065,1.1626,1.134,1.1478,1.2901,1.2582,1.251
2022-06-10,1.2848,1.2765,1.1391,1.1165,1.1271,1.255,1.2295,1.2193
2022-06-13,1.2668,1.256,1.1288,1.108,1.1191,1.233,1.2083,1.2005
2022-06-14,1.2752,1.2653,1.1348,1.1109,1.1245,1.2453,1.2175,1.2124
2022-06-15,1.2871,1.2748,1.1481,1.1222,1.1369,1.2552,1.228,1.2224
2022-06-16,1.2457,1.2302,1.1192,1.0955,1.1107,1.2048,1.1813,1.1753
2022-06-17,1.2388,1.2196,1.1256,1.1037,1.1179,1.1787,1.1745,1.153
2022-06-20,1.2631,1.2451,1.1485,1.1212,1.1395,1.204,1.2002,1.1777
2022-06-21,1.2682,1.2525,1.1552,1.1266,1.1453,1.2173,1.2095,1.1895
2022-06-22,1.2534,1.2346,1.1409,1.1184,1.1343,1.1819,1.1801,1.1584
2022-06-23,1.2337,1.2156,1.1373,1.1177,1.1315,1.1672,1.1721,1.1453
2022-06-24,1.2592,1.2411,1.1598,1.1447,1.1542,1.1914,1.1982,1.1698
2022-06-27,1.2664,1.2497,1.165,1.1481,1.159,1.2011,1.2048,1.1783
2022-06-28,1.2858,1.269,1.1741,1.1547,1.1675,1.2164,1.2162,1.1925
2022-06-29,1.2833,1.2682,1.1803,1.1626,1.1734,1.2188,1.2214,1.1955
2022-06-30,1.2611,1.2448,1.1583,1.1425,1.1529,1.1872,1.1951,1.1656
2022-07-01,1.2623,1.2418,1.1549,1.146,1.1518,1.1774,1.1908,1.1587
2022-07-04,1.2776,1.2593,1.1648,1.1531,1.161,1.1942,1.2055,1.1738
2022-07-05,1.2299,1.2071,1.1353,1.1318,1.1349,1.1412,1.1604,1.1259
2022-07-06,1.2359,1.2116,1.1351,1.1202,1.1316,1.141,1.1493,1.1226
2022-07-07,1.2624,1.2389,1.1728,1.1591,1.1686,1.1789,1.19,1.1592
2022-07-08,1.2635,1.2382,1.181,1.1641,1.1754,1.1872,1.1949,1.166
2022-07-11,1.2617,1.2366,1.1748,1.1578,1.1691,1.1809,1.1885,1.1597
2022-07-12,1.2625,1.2355,1.1763,1.1466,1.1689,1.1825,1.1773,1.1596
2022-07-13,1.2513,1.224,1.169,1.1449,1.1612,1.1751,1.1752,1.1519
2022-07-14,1.2224,1.1949,1.1337,1.1085,1.1267,1.1395,1.1379,1.1177
2022-07-15,1.2455,1.2166,1.1702,1.139,1.1613,1.1763,1.1689,1.152
2022-07-18,1.2655,1.2369,1.1989,1.1661,1.1896,1.2052,1.1968,1.1801
2022-07-19,1.282,1.2518,1.2186,1.177,1.209,1.2249,1.2092,1.1994
2022-07-20,1.2726,1.2441,1.2127,1.1788,1.2044,1.219,1.2106,1.1948
2022-07-21,1.2679,1.2374,1.2097,1.1688,1.201,1.216,1.2004,1.1914
2022-07-22,1.2664,1.2354,1.209,1.1704,1.2,1.2153,1.2014,1.1904
2022-07-25,1.28,1.2496,1.2201,1.1828,1.2127,1.2265,1.2138,1.203
2022-07-26,1.2731,1.2468,1.2036,1.1831,1.1993,1.2098,1.2136,1.1897
2022-07-27,1.2798,1.2545,1.22,1.2036,1.2174,1.2263,1.235,1.2076
2022-07-28,1.2671,1.243,1.1996,1.1957,1.1964,1.2058,1.2256,1.1868
2022-07-29,1.2921,1.2665,1.2354,1.2261,1.2318,1.2418,1.2567,1.2219
2022-08-01,1.2937,1.2683,1.2282,1.2072,1.2245,1.2346,1.2377,1.2147
2022-08-02,1.294,1.2695,1.234,1.2224,1.232,1.2397,1.2541,1.2214
2022-08-03,1.2979,1.2724,1.2409,1.2252,1.2392,1.2388,1.2466,1.2195
2022-08-04,1.2871,1.2655,1.2473,1.2353,1.2447,1.2439,1.2424,1.2215
2022-08-05,1.2962,1.2748,1.2622,1.251,1.2592,1.2578,1.2564,1.2339
2022-08-08,1.303,1.2798,1.2686,1.2556,1.2658,1.26,1.2576,1.2353
2022-08-09,1.3068,1.2848,1.2732,1.255,1.2708,1.263,1.2559,1.2372
2022-08-10,1.3043,1.282,1.2821,1.2736,1.2788,1.2526,1.2357,1.2198
2022-08-11,1.2929,1.2736,1.2752,1.275,1.272,1.224,1.1785,1.1815
2022-08-12,1.2997,1.2801,1.2852,1.2884,1.2823,1.2373,1.2049,1.1977
2022-08-15,1.2954,1.2749,1.2726,1.2794,1.27,1.2183,1.1843,1.1777
2022-08-16,1.3065,1.2865,1.2921,1.2941,1.2885,1.2422,1.2,1.1991
2022-08-17,1.3043,1.2864,1.2894,1.2972,1.2856,1.241,1.1992,1.1969
2022-08-18,1.3103,1.2937,1.2969,1.3079,1.2922,1.2469,1.1991,1.1999
2022-08-19,1.3084,1.2926,1.2808,1.2885,1.2767,1.2391,1.2014,1.1957
2022-08-22,1.3076,1.2932,1.2802,1.2842,1.2759,1.2422,1.1992,1.1983
2022-08-23,1.3069,1.2953,1.2912,1.2983,1.2856,1.2488,1.1981,1.2007
2022-08-24,1.2977,1.2861,1.2715,1.2826,1.2659,1.23,1.1847,1.1841
2022-08-25,1.3014,1.291,1.2757,1.2848,1.2694,1.2305,1.1754,1.1834
2022-08-26,1.2931,1.2839,1.2689,1.2712,1.263,1.2276,1.1743,1.1814
2022-08-30,1.276,1.2639,1.24,1.2253,1.2344,1.1954,1.1284,1.1547
2022-08-31,1.2611,1.2476,1.2252,1.2071,1.2202,1.1792,1.1129,1.1391
2022-09-01,1.2309,1.2189,1.1892,1.1615,1.1915,1.1354,1.0837,1.1058
2022-09-02,1.2571,1.2447,1.211,1.188,1.2079,1.1566,1.0961,1.121
2022-09-05,1.263,1.2547,1.2078,1.1873,1.2071,1.164,1.1024,1.128
2022-09-06,1.2717,1.261,1.2327,1.211,1.2284,1.186,1.117,1.1461
2022-09-07,1.2517,1.2394,1.2232,1.1986,1.217,1.1706,1.1015,1.1309
2022-09-08,1.2549,1.2439,1.2185,1.1858,1.2048,1.1645,1.0829,1.1181
2022-09-09,1.2699,1.26,1.2291,1.1922,1.2157,1.1793,1.0919,1.1313
2022-09-12,1.298,1.286,1.264,1.2355,1.2524,1.2131,1.1306,1.1659
2022-09-13,1.2856,1.2764,1.2425,1.2035,1.2316,1.1942,1.1067,1.1477
2022-09-14,1.2662,1.2602,1.2152,1.1651,1.2052,1.1674,1.0778,1.1223
2022-09-15,1.2745,1.2681,1.2245,1.1664,1.2086,1.1728,1.0739,1.1224
2022-09-16,1.2656,1.2581,1.2171,1.1556,1.2019,1.1584,1.064,1.1107
2022-09-20,1.2621,1.2551,1.2171,1.1405,1.1978,1.1478,1.047,1.0986
2022-09-21,1.264,1.2589,1.2143,1.1332,1.1987,1.1505,1.0465,1.1036
2022-09-22,1.26,1.2551,1.2079,1.1274,1.1947,1.1491,1.0448,1.1034
2022-09-23,1.2264,1.2172,1.1884,1.1112,1.1769,1.1255,1.0316,1.0838
2022-09-26,1.2181,1.2087,1.185,1.1137,1.1735,1.1278,1.0316,1.0854
2022-09-27,1.2113,1.2049,1.1634,1.0895,1.1579,1.1221,1.0231,1.0819
2022-09-28,1.2053,1.2022,1.1464,1.0727,1.1451,1.1181,1.0202,1.0793
2022-09-29,1.1905,1.189,1.1276,1.0533,1.12,1.1097,0.9928,1.0631
2022-09-30,1.1899,1.1851,1.127,1.0603,1.1178,1.1109,0.9937,1.0634
2022-10-03,1.1981,1.1949,1.1446,1.0758,1.137,1.1195,0.9989,1.0705
2022-10-04,1.2293,1.2251,1.1803,1.1154,1.168,1.1553,1.0409,1.101
2022-10-05,1.2208,1.2206,1.1768,1.1112,1.1633,1.1567,1.037,1.103
2022-10-06,1.2087,1.2091,1.1552,1.0832,1.144,1.1353,1.0145,1.0844
2022-10-07,1.2145,1.2176,1.1541,1.0808,1.1429,1.1408,1.0141,1.0918
2022-10-10,1.2092,1.2107,1.151,1.071,1.1426,1.1312,0.9998,1.0829
2022-10-11,1.1978,1.1967,1.1386,1.067,1.1295,1.1193,0.9957,1.0709
2022-10-12,1.1757,1.1786,1.1196,1.0379,1.112,1.1082,0.9806,1.0639
2022-10-13,1.1946,1.1964,1.1341,1.0657,1.1225,1.118,1.0012,1.0684
2022-10-14,1.1916,1.1908,1.1237,1.0603,1.1122,1.1082,0.999,1.0589
2022-10-17,1.2015,1.1986,1.1339,1.0713,1.121,1.1182,1.0111,1.0674
2022-10-18,1.204,1.1991,1.1353,1.0841,1.1192,1.1201,1.023,1.0663
2022-10-19,1.2014,1.1968,1.1344,1.0888,1.1205,1.1151,1.0125,1.0621
2022-10-20,1.2066,1.2049,1.1362,1.0836,1.1206,1.1188,1.014,1.065
2022-10-21,1.2158,1.2159,1.1513,1.0902,1.1343,1.1353,1.032,1.0805
2022-10-24,1.2229,1.2228,1.1507,1.0916,1.1345,1.134,1.0326,1.0795
2022-10-25,1.2156,1.2141,1.1424,1.0825,1.1251,1.1272,1.0338,1.0723
2022-10-26,1.2237,1.2237,1.1583,1.0908,1.1397,1.1489,1.0547,1.094
2022-10-27,1.2288,1.2294,1.1603,1.1141,1.1402,1.1492,1.049,1.0923
2022-10-28,1.216,1.215,1.1232,1.0871,1.1007,1.1111,0.9943,1.0523
2022-10-31,1.2311,1.2287,1.1413,1.0955,1.1182,1.1316,1.0204,1.0721
2022-11-01,1.2536,1.2522,1.1706,1.117,1.1459,1.167,1.0383,1.1047
2022-11-02,1.2496,1.2464,1.1617,1.1011,1.1347,1.1563,1.0288,1.0921
2022-11-03,1.2571,1.2564,1.1609,1.12,1.1372,1.1518,1.0243,1.0904
2022-11-04,1.2842,1.2796,1.2056,1.1516,1.1798,1.1987,1.056,1.1343
2022-11-07,1.277,1.2714,1.204,1.1406,1.1769,1.1995,1.0517,1.134
2022-11-08,1.2804,1.2688,1.2135,1.1427,1.1846,1.2115,1.0669,1.1447
2022-11-09,1.2761,1.2626,1.2051,1.1312,1.1757,1.2018,1.0602,1.1353
2022-11-10,1.2722,1.2557,1.1987,1.1292,1.1717,1.1977,1.069,1.1343
2022-11-11,1.2669,1.2487,1.2358,1.1533,1.2077,1.2306,1.0979,1.1655
2022-11-14,1.2821,1.2632,1.2432,1.1544,1.213,1.2427,1.1019,1.1752
2022-11-15,1.2761,1.2614,1.2477,1.1613,1.2183,1.2489,1.1056,1.1819
2022-11-16,1.2712,1.2595,1.2248,1.1498,1.1985,1.2257,1.0862,1.1619
2022-11-17,1.2748,1.263,1.2346,1.1617,1.209,1.2334,1.1073,1.1705
2022-11-18,1.2796,1.2657,1.2407,1.1704,1.2163,1.2386,1.1246,1.1772
2022-11-21,1.2764,1.2589,1.2239,1.1523,1.199,1.2247,1.1169,1.1635
2022-11-22,1.2922,1.2812,1.241,1.1778,1.217,1.2395,1.1197,1.1779
2022-11-23,1.2943,1.2829,1.2468,1.1721,1.2197,1.2548,1.1228,1.1897
2022-11-24,1.2994,1.2874,1.2592,1.1728,1.2297,1.2717,1.1368,1.2041
2022-11-25,1.3014,1.2903,1.2654,1.182,1.2372,1.2713,1.1318,1.2041
2022-11-28,1.2974,1.2877,1.2626,1.1812,1.2368,1.2615,1.1313,1.196
2022-11-29,1.3144,1.3065,1.2779,1.1911,1.2519,1.2904,1.1596,1.2255
2022-11-30,1.3226,1.3177,1.2954,1.1994,1.2662,1.3054,1.1738,1.2384
2022-12-01,1.3084,1.3022,1.2737,1.1883,1.2496,1.2762,1.1554,1.2122
2022-12-02,1.3109,1.3032,1.2829,1.1965,1.2557,1.2865,1.1631,1.2195
2022-12-05,1.3141,1.3067,1.287,1.1985,1.2592,1.2892,1.1633,1.2219
2022-12-06,1.3115,1.3026,1.2875,1.1971,1.2555,1.29,1.1577,1.2202
2022-12-07,1.3038,1.2924,1.2854,1.2232,1.2641,1.2639,1.1368,1.1971
2022-12-08,1.308,1.2974,1.292,1.2267,1.269,1.2717,1.1454,1.2039
2022-12-09,1.3104,1.2978,1.2875,1.219,1.2605,1.2802,1.1483,1.2103
2022-12-12,1.3027,1.2912,1.2821,1.2151,1.2562,1.2712,1.1381,1.2026
2022-12-13,1.3085,1.2991,1.2804,1.209,1.2561,1.2787,1.1534,1.212
2022-12-14,1.305,1.296,1.2776,1.2117,1.2542,1.2745,1.1502,1.2081
2022-12-15,1.2942,1.2849,1.2718,1.2124,1.2507,1.2569,1.1307,1.1915
2022-12-16,1.2821,1.2733,1.2583,1.2021,1.2384,1.2459,1.128,1.1822
2022-12-19,1.2901,1.2824,1.2695,1.2057,1.2471,1.2609,1.1366,1.1958
2022-12-20,1.2975,1.2917,1.2793,1.2122,1.2571,1.272,1.1532,1.2074
2022-12-21,1.3197,1.3144,1.3055,1.2334,1.2812,1.2995,1.1741,1.2326
2022-12-22,1.3166,1.3115,1.3017,1.2325,1.2777,1.2941,1.1665,1.2274
2022-12-23,1.318,1.3123,1.3069,1.2346,1.2819,1.3001,1.1689,1.2325
2022-12-28,1.3221,1.3169,1.3036,1.2249,1.2762,1.3037,1.1677,1.2344
2022-12-29,1.3239,1.3181,1.3053,1.2279,1.2783,1.3056,1.1696,1.2366
2022-12-30,1.3143,1.3072,1.3032,1.226,1.2751,1.3004,1.1616,1.2306
2023-01-03,1.3405,1.3296,1.33,1.251,1.2961,1.3338,1.1815,1.2578
2023-01-04,1.3415,1.3198,1.3458,1.2676,1.3105,1.3384,1.1666,1.26
2023-01-05,1.3583,1.3366,1.3533,1.2722,1.3162,1.3538,1.171,1.2725
2023-01-06,1.3672,1.3475,1.3628,1.2799,1.3255,1.3622,1.1791,1.2805
2023-01-09,1.369,1.3504,1.3665,1.2818,1.3281,1.3663,1.1794,1.283
2023-01-10,1.3614,1.3435,1.3554,1.2723,1.3202,1.3524,1.1696,1.272
2023-01-11,1.3669,1.3481,1.3629,1.2772,1.3258,1.3636,1.1746,1.281
2023-01-12,1.3879,1.3671,1.3804,1.2929,1.3414,1.388,1.193,1.3042
2023-01-13,1.4035,1.3832,1.393,1.301,1.3486,1.4047,1.1974,1.3158
2023-01-16,1.4035,1.3816,1.3862,1.3023,1.3452,1.396,1.1907,1.3089
2023-01-17,1.4025,1.3814,1.3891,1.3054,1.3457,1.402,1.1971,1.3134
2023-01-18,1.402,1.3851,1.3815,1.295,1.3369,1.4015,1.1907,1.3118
2023-01-19,1.3852,1.367,1.3718,1.2931,1.3318,1.3776,1.1773,1.2925
2023-01-20,1.3935,1.3756,1.3764,1.2914,1.3338,1.385,1.1776,1.2976
2023-01-23,1.3987,1.38,1.3865,1.3,1.3424,1.3969,1.1863,1.3077
2023-01-24,1.3951,1.3739,1.3838,1.281,1.3334,1.3966,1.1736,1.3033
2023-01-25,1.3984,1.3756,1.38,1.2693,1.3299,1.3888,1.1637,1.2964
2023-01-26,1.4077,1.3841,1.3802,1.2598,1.3289,1.3899,1.1543,1.2973
2023-01-27,1.4072,1.3845,1.3743,1.2584,1.3259,1.3975,1.1534,1.304
2023-01-30,1.4121,1.3893,1.3767,1.2662,1.3304,1.404,1.1604,1.3107
2023-01-31,1.4046,1.3814,1.3688,1.2639,1.328,1.3992,1.1569,1.3078
2023-02-01,1.4009,1.3789,1.368,1.2674,1.3282,1.3969,1.1558,1.3047
2023-02-02,1.4003,1.3744,1.3745,1.2644,1.3305,1.3959,1.1641,1.3062
2023-02-03,1.4094,1.3872,1.3958,1.2878,1.3518,1.4072,1.17,1.3136
2023-02-06,1.4,1.3761,1.391,1.2789,1.3498,1.3946,1.1608,1.3031
2023-02-07,1.4169,1.3962,1.4007,1.2817,1.3582,1.4246,1.1602,1.3264
2023-02-08,1.4246,1.4041,1.4032,1.2774,1.3606,1.4333,1.1585,1.3342
2023-02-09,1.4295,1.4085,1.3957,1.2621,1.3557,1.4308,1.1401,1.3325
2023-02-10,1.4268,1.4069,1.3899,1.2563,1.3513,1.4449,1.133,1.3461
2023-02-13,1.4367,1.4147,1.4089,1.2769,1.3713,1.4604,1.1556,1.3638
2023-02-14,1.4433,1.4202,1.4049,1.2779,1.3676,1.474,1.1644,1.3778
2023-02-15,1.4395,1.4146,1.4096,1.2715,1.3688,1.4781,1.1629,1.3834
2023-02-16,1.4496,1.4242,1.4121,1.2671,1.3685,1.4881,1.1642,1.3926
2023-02-17,1.4394,1.4117,1.4105,1.2676,1.3698,1.4821,1.1688,1.3884
2023-02-20,1.4434,1.416,1.4082,1.2717,1.3664,1.4835,1.1752,1.3887
2023-02-21,1.4361,1.4081,1.3918,1.2542,1.3545,1.4611,1.1591,1.3707
2023-02-22,1.4248,1.3958,1.3792,1.243,1.3431,1.4567,1.1514,1.3657
2023-02-23,1.4412,1.4079,1.4392,1.2279,1.376,1.4489,1.1504,1.3568
2023-02-24,1.4383,1.4059,1.4449,1.2263,1.3784,1.4441,1.1512,1.3526
2023-02-27,1.457,1.4216,1.4766,1.2282,1.4006,1.452,1.1526,1.3603
2023-02-28,1.4542,1.4184,1.4759,1.2236,1.3982,1.4543,1.1604,1.3604
2023-03-01,1.4647,1.43,1.4908,1.2267,1.4091,1.4524,1.1582,1.359
2023-03-02,1.4669,1.4327,1.4855,1.2134,1.404,1.4368,1.1371,1.3459
2023-03-03,1.4706,1.4351,1.486,1.2093,1.4024,1.4418,1.1424,1.3509
2023-03-06,1.4688,1.4311,1.492,1.2063,1.4052,1.4445,1.1431,1.3534
2023-03-07,1.4592,1.4209,1.4954,1.2144,1.4094,1.4324,1.1394,1.3421
2023-03-08,1.4666,1.428,1.5092,1.2197,1.4192,1.4329,1.1457,1.3418
2023-03-09,1.4582,1.4196,1.5087,1.2143,1.4177,1.4164,1.1372,1.3276
2023-03-10,1.4295,1.3929,1.4619,1.1798,1.3774,1.3805,1.1008,1.2964
2023-03-13,1.385,1.3472,1.4125,1.1486,1.3336,1.3253,1.0541,1.2471
2023-03-14,1.4103,1.371,1.451,1.1597,1.3619,1.3451,1.0707,1.2641
2023-03-15,1.3423,1.2976,1.3705,1.1187,1.2929,1.2898,1.0261,1.2165
2023-03-16,1.3512,1.3062,1.3781,1.1309,1.2998,1.3068,1.0439,1.2301
2023-03-17,1.3345,1.2933,1.3534,1.1174,1.2809,1.2839,1.0176,1.2097
2023-03-20,1.3471,1.3071,1.3566,1.1168,1.2833,1.2861,1.0202,1.2138
2023-03-21,1.3819,1.3404,1.4071,1.1389,1.3248,1.3145,1.0455,1.2378
2023-03-22,1.385,1.344,1.412,1.1478,1.3322,1.3191,1.0518,1.2447
2023-03-23,1.3727,1.3335,1.4132,1.1516,1.3333,1.3202,1.0501,1.2457
2023-03-24,1.3467,1.3079,1.3969,1.1495,1.3217,1.305,1.0468,1.2349
2023-03-27,1.361,1.323,1.4055,1.1537,1.3295,1.313,1.0493,1.2421
2023-03-28,1.3699,1.333,1.4198,1.1642,1.3406,1.3264,1.0587,1.2525
2023-03-29,1.3869,1.3486,1.4292,1.1672,1.3473,1.3352,1.0629,1.2588
2023-03-30,1.3934,1.3542,1.4292,1.1642,1.3458,1.3352,1.0631,1.2574
2023-03-31,1.3929,1.353,1.4302,1.1705,1.3473,1.3361,1.0671,1.2588
2023-04-03,1.4036,1.3653,1.4246,1.1717,1.3459,1.3308,1.0669,1.2575
2023-04-04,1.3939,1.3569,1.4225,1.1642,1.3432,1.3289,1.0585,1.255
2023-04-05,1.4037,1.3654,1.424,1.1687,1.3474,1.3303,1.0627,1.2589
2023-04-06,1.4223,1.3828,1.4357,1.1791,1.3588,1.3413,1.07,1.2696
2023-04-11,1.4329,1.3931,1.4604,1.1985,1.3774,1.3643,1.0901,1.2869
2023-04-12,1.4408,1.4029,1.4714,1.2016,1.3861,1.3746,1.0902,1.2951
2023-04-13,1.443,1.4048,1.4752,1.2002,1.389,1.3782,1.092,1.2977
2023-04-14,1.4509,1.4131,1.477,1.1938,1.3897,1.3799,1.0863,1.2984
2023-04-17,1.4506,1.412,1.4819,1.2088,1.3965,1.3844,1.0987,1.3048
2023-04-18,1.4577,1.4203,1.4912,1.2116,1.4025,1.3931,1.1017,1.3104
2023-04-19,1.453,1.4147,1.4834,1.2029,1.3962,1.3858,1.0948,1.3044
2023-04-20,1.449,1.4123,1.4805,1.1944,1.3932,1.3839,1.0865,1.3023
2023-04-21,1.4436,1.4068,1.4761,1.1927,1.3892,1.3732,1.0964,1.2956
2023-04-24,1.4437,1.4074,1.48,1.1937,1.3936,1.3683,1.0906,1.2907
2023-04-25,1.4345,1.3962,1.4624,1.179,1.3761,1.3609,1.095,1.2857
2023-04-26,1.436,1.3968,1.4705,1.1828,1.385,1.375,1.1128,1.3017
2023-04-27,1.4403,1.3969,1.4783,1.1786,1.3927,1.3813,1.1202,1.3083
2023-04-28,1.438,1.3953,1.4829,1.1827,1.3967,1.3835,1.1233,1.3108
2023-05-02,1.4169,1.3716,1.4282,1.1537,1.344,1.3763,1.1218,1.3044
2023-05-03,1.4171,1.3707,1.4147,1.136,1.3283,1.3873,1.1312,1.3148
2023-05-04,1.3951,1.3472,1.3926,1.1296,1.3083,1.3692,1.1207,1.2991
2023-05-05,1.4155,1.3681,1.4229,1.1459,1.337,1.3905,1.1338,1.3184
2023-05-09,1.4154,1.3683,1.4229,1.1473,1.3369,1.3923,1.1328,1.3196
2023-05-10,1.4108,1.3662,1.433,1.1589,1.3439,1.3878,1.1162,1.3096
2023-05-11,1.393,1.3474,1.4052,1.1377,1.3235,1.3508,1.0984,1.2802
2023-05-12,1.4017,1.3571,1.4143,1.1426,1.3306,1.3584,1.0993,1.2855
2023-05-15,1.4047,1.3602,1.4143,1.1452,1.3333,1.3585,1.1011,1.287
2023-05-16,1.3929,1.3516,1.4089,1.139,1.3255,1.3361,1.0652,1.2593
2023-05-17,1.3962,1.3561,1.4273,1.1544,1.3409,1.3412,1.0571,1.2597
2023-05-18,1.4002,1.3607,1.4386,1.16,1.3503,1.35,1.0627,1.2663
2023-05-19,1.4019,1.3621,1.4458,1.1659,1.3572,1.3492,1.0598,1.2648
2023-05-22,1.4033,1.3645,1.4475,1.1638,1.3579,1.3473,1.0545,1.2614
2023-05-23,1.4056,1.3643,1.4446,1.1594,1.3575,1.3328,1.0437,1.2494
2023-05-24,1.3801,1.3395,1.4144,1.1404,1.3329,1.3062,1.0253,1.2273
2023-05-25,1.3681,1.3283,1.4059,1.1334,1.3242,1.2965,1.0155,1.2159
2023-05-26,1.3733,1.3342,1.4123,1.1409,1.3294,1.3043,1.024,1.223
2023-05-30,1.3494,1.3109,1.3825,1.1179,1.3003,1.2787,1.0096,1.2008
2023-05-31,1.3293,1.2909,1.3598,1.1039,1.2804,1.258,0.9944,1.1804
2023-06-01,1.3417,1.3046,1.3756,1.1111,1.2918,1.2746,1.0038,1.1948
2023-06-02,1.3635,1.3265,1.4114,1.1396,1.3221,1.2991,1.0257,1.2145
2023-06-05,1.3604,1.3212,1.4023,1.136,1.3164,1.2922,1.0243,1.2101
2023-06-06,1.3646,1.3256,1.4059,1.1364,1.318,1.2961,1.0294,1.2139
2023-06-07,1.3686,1.3294,1.4139,1.1409,1.3225,1.3002,1.0289,1.2145
2023-06-08,1.3625,1.3264,1.4087,1.1366,1.3172,1.3023,1.0295,1.2176
2023-06-09,1.3595,1.3228,1.4008,1.13,1.309,1.3003,1.0291,1.2162
2023-06-12,1.3561,1.3209,1.3997,1.1329,1.3086,1.3028,1.0316,1.2182
2023-06-13,1.3664,1.3329,1.4185,1.1561,1.3217,1.3204,1.0517,1.2319
2023-06-14,1.3704,1.3357,1.4242,1.1674,1.3262,1.326,1.0595,1.2357
2023-06-15,1.371,1.3362,1.4223,1.1745,1.3269,1.3348,1.068,1.2448
2023-06-16,1.3708,1.3366,1.4219,1.1703,1.3283,1.3334,1.0604,1.2443
2023-06-19,1.3637,1.3296,1.4198,1.1588,1.3245,1.326,1.0466,1.2347
2023-06-20,1.3584,1.3239,1.4153,1.1499,1.3199,1.3274,1.0432,1.2356
2023-06-21,1.3553,1.3228,1.4055,1.1485,1.3108,1.3357,1.0497,1.2433
2023-06-22,1.3361,1.3046,1.3813,1.1219,1.2861,1.3137,1.0336,1.2204
2023-06-23,1.3296,1.295,1.3662,1.1087,1.2746,1.3146,1.0332,1.226
2023-06-26,1.3273,1.2943,1.3622,1.1128,1.2705,1.3222,1.0397,1.2334
2023-06-27,1.331,1.2956,1.38,1.1235,1.2871,1.32,1.0378,1.2302
2023-06-28,1.3368,1.3001,1.3824,1.1253,1.2916,1.3207,1.035,1.2326
2023-06-29,1.3334,1.2973,1.3784,1.1154,1.2847,1.3007,1.0287,1.2143
2023-06-30,1.3434,1.3084,1.3869,1.125,1.2922,1.3107,1.0361,1.2218
2023-07-03,1.3529,1.3171,1.4111,1.148,1.3132,1.331,1.054,1.2388
2023-07-04,1.3444,1.3106,1.4001,1.1395,1.3016,1.3236,1.0503,1.2309
2023-07-05,1.334,1.3002,1.394,1.1371,1.2965,1.3131,1.0422,1.2218
2023-07-06,1.3036,1.2685,1.3613,1.1074,1.2702,1.2758,1.008,1.1926
2023-07-07,1.3025,1.2682,1.36,1.1055,1.2674,1.2785,1.0083,1.1908
2023-07-10,1.3029,1.2693,1.3548,1.1019,1.2633,1.2783,1.0073,1.1914
2023-07-11,1.3058,1.2723,1.3641,1.1056,1.2708,1.2778,1.0104,1.1916
2023-07-12,1.3356,1.3016,1.4071,1.1416,1.3086,1.3065,1.0375,1.2166
2023-07-13,1.34,1.3069,1.4162,1.1498,1.3145,1.3123,1.0457,1.2197
2023-07-14,1.3326,1.2985,1.4131,1.1483,1.3124,1.3001,1.0378,1.2106
2023-07-17,1.3293,1.2945,1.3986,1.1331,1.301,1.2907,1.0256,1.2028
2023-07-18,1.3391,1.3041,1.4036,1.1357,1.3058,1.295,1.0287,1.2078
2023-07-19,1.3654,1.3284,1.4254,1.1541,1.3273,1.3207,1.047,1.2319
2023-07-20,1.3789,1.3434,1.4443,1.1667,1.3395,1.3366,1.0642,1.2462
2023-07-21,1.3778,1.3429,1.445,1.1719,1.3414,1.3296,1.0629,1.2405
2023-07-24,1.3868,1.3506,1.454,1.1733,1.3444,1.3431,1.07,1.2517
2023-07-25,1.388,1.3498,1.4633,1.1917,1.3588,1.3391,1.0669,1.2473
2023-07-26,1.3993,1.3586,1.4611,1.1858,1.358,1.3279,1.059,1.2398
2023-07-27,1.3934,1.3544,1.4564,1.1838,1.3545,1.3219,1.0572,1.2348
2023-07-28,1.3978,1.3593,1.468,1.1983,1.3677,1.3356,1.0733,1.2491
2023-07-31,1.3935,1.3582,1.4694,1.1999,1.3671,1.3377,1.0795,1.2512
2023-08-01,1.3867,1.3523,1.4673,1.1991,1.3664,1.3288,1.0757,1.2443
2023-08-02,1.3725,1.3402,1.4759,1.1893,1.3755,1.3328,1.078,1.2525
2023-08-03,1.3754,1.3458,1.4627,1.1736,1.3621,1.3282,1.0706,1.2472
2023-08-04,1.3908,1.3616,1.4691,1.1731,1.366,1.3368,1.0757,1.2554
2023-08-07,1.3924,1.3638,1.465,1.1675,1.3641,1.3358,1.0742,1.2556
2023-08-08,1.3833,1.3543,1.4595,1.1647,1.3618,1.3277,1.0728,1.2509
2023-08-09,1.3974,1.3695,1.4747,1.1786,1.3743,1.3416,1.0855,1.2631
2023-08-10,1.394,1.3654,1.4766,1.1822,1.3767,1.3385,1.0833,1.2603
2023-08-11,1.3815,1.3533,1.4591,1.1655,1.3608,1.3266,1.0717,1.2495
2023-08-14,1.3769,1.3477,1.454,1.1636,1.3592,1.3202,1.0692,1.2455
2023-08-15,1.3561,1.3266,1.4266,1.1383,1.3358,1.2956,1.0469,1.2233
2023-08-16,1.3488,1.3183,1.4244,1.1407,1.334,1.2941,1.0464,1.2219
2023-08-17,1.3456,1.3131,1.423,1.1403,1.3332,1.2914,1.0438,1.2194
2023-08-18,1.3391,1.3063,1.4146,1.1349,1.3251,1.2858,1.0395,1.2142
2023-08-21,1.3396,1.3078,1.4117,1.1306,1.3218,1.286,1.0356,1.2139
2023-08-22,1.3413,1.3102,1.4079,1.1286,1.3189,1.2859,1.037,1.2149
2023-08-23,1.349,1.3159,1.4161,1.1362,1.327,1.2885,1.0446,1.2178
2023-08-24,1.354,1.3204,1.4209,1.1418,1.3315,1.2944,1.0497,1.2238
2023-08-25,1.3548,1.3213,1.4152,1.138,1.3245,1.2949,1.0476,1.2237
2023-08-29,1.3841,1.3505,1.4577,1.1753,1.3604,1.3333,1.0762,1.2566
2023-08-30,1.3869,1.3534,1.4613,1.1789,1.3613,1.3406,1.0795,1.2618
2023-08-31,1.3798,1.3464,1.4603,1.1776,1.3567,1.3417,1.0769,1.2596
2023-09-01,1.3879,1.3548,1.4602,1.1827,1.3584,1.3492,1.0801,1.2682
2023-09-04,1.3884,1.3567,1.4589,1.1821,1.3561,1.347,1.0745,1.2643
2023-09-05,1.3864,1.3565,1.4594,1.184,1.3576,1.3545,1.0791,1.2727
2023-09-06,1.3823,1.3524,1.4468,1.1771,1.3471,1.3492,1.0745,1.2697
2023-09-07,1.3846,1.3573,1.4618,1.1863,1.3577,1.3621,1.0824,1.2783
2023-09-08,1.3889,1.3603,1.4574,1.1801,1.3557,1.3676,1.0901,1.2888
2023-09-11,1.4017,1.3711,1.4655,1.197,1.3594,1.3862,1.1103,1.3069
2023-09-12,1.4161,1.3838,1.4937,1.224,1.3876,1.4047,1.1287,1.3241
2023-09-13,1.4188,1.3839,1.5034,1.2408,1.3956,1.4059,1.1394,1.3244
2023-09-14,1.4481,1.4128,1.5441,1.2748,1.4279,1.4334,1.1662,1.3466
2023-09-15,1.4567,1.4201,1.5585,1.2896,1.4411,1.4454,1.1764,1.3578
2023-09-18,1.4461,1.4107,1.5442,1.2833,1.4283,1.4382,1.1708,1.3512
2023-09-19,1.4525,1.4179,1.5467,1.281,1.4282,1.4379,1.1697,1.349
2023-09-20,1.4646,1.4262,1.5742,1.2993,1.4537,1.4464,1.1811,1.3585
2023-09-21,1.453,1.414,1.5559,1.2842,1.4416,1.429,1.1655,1.3464
2023-09-22,1.4571,1.4179,1.5702,1.2939,1.4526,1.4265,1.1693,1.3434
2023-09-25,1.4498,1.4126,1.5603,1.2963,1.4441,1.4234,1.1732,1.3405
2023-09-26,1.455,1.4169,1.5567,1.2924,1.4405,1.4327,1.172,1.3463
2023-09-27,1.4506,1.4156,1.5529,1.2902,1.4354,1.4274,1.1706,1.3404
2023-09-28,1.4524,1.42,1.5597,1.2935,1.439,1.4323,1.1727,1.3431
2023-09-29,1.449,1.4152,1.5707,1.3098,1.4487,1.4368,1.1786,1.3467
2023-10-02,1.4307,1.3973,1.5484,1.2935,1.429,1.4237,1.1698,1.3354
2023-10-03,1.421,1.388,1.5336,1.2814,1.4198,1.4165,1.162,1.3325
2023-10-04,1.4077,1.3705,1.5144,1.2668,1.4038,1.3961,1.1429,1.3139
2023-10-05,1.4115,1.3726,1.5132,1.2646,1.4039,1.3943,1.1424,1.3142
2023-10-06,1.4168,1.38,1.5163,1.2655,1.4008,1.3947,1.1456,1.3088
2023-10-09,1.4189,1.3864,1.5092,1.2669,1.3934,1.4021,1.158,1.3151
2023-10-10,1.4476,1.4142,1.5428,1.2929,1.4211,1.4313,1.1802,1.3391
2023-10-11,1.4462,1.4128,1.5337,1.2817,1.4126,1.4264,1.1746,1.3342
2023-10-12,1.45,1.4195,1.5317,1.2918,1.4128,1.4184,1.171,1.3276
2023-10-13,1.4482,1.4202,1.5229,1.2831,1.404,1.4188,1.1695,1.327
2023-10-16,1.454,1.4257,1.537,1.2957,1.4161,1.4303,1.1804,1.3383
2023-10-17,1.465,1.4364,1.5551,1.3111,1.434,1.4381,1.1854,1.3451
2023-10-18,1.4454,1.4172,1.5098,1.2655,1.3897,1.4088,1.1656,1.3199
2023-10-19,1.4246,1.3965,1.4834,1.2465,1.3658,1.3869,1.1477,1.2987
2023-10-20,1.4064,1.3778,1.4614,1.2327,1.3466,1.3602,1.1283,1.2757
2023-10-23,1.3976,1.3697,1.4426,1.2149,1.3281,1.3582,1.1223,1.2711
2023-10-24,1.3968,1.3704,1.428,1.2281,1.3184,1.3487,1.1187,1.2613
2023-10-25,1.4023,1.3768,1.4388,1.2489,1.3293,1.3498,1.1205,1.2637
2023-10-26,1.3942,1.3687,1.4288,1.2386,1.3194,1.3455,1.1198,1.2608
2023-10-27,1.3731,1.3494,1.3768,1.2125,1.2726,1.3384,1.1161,1.2531
2023-10-30,1.3772,1.3529,1.3814,1.2216,1.2776,1.3495,1.1252,1.2635
2023-10-31,1.3754,1.3499,1.3845,1.2227,1.2803,1.3656,1.1282,1.2718
2023-11-01,1.3732,1.3494,1.3817,1.2287,1.2789,1.3678,1.127,1.2715
2023-11-02,1.3946,1.3697,1.4147,1.2554,1.3083,1.4029,1.1576,1.3059
2023-11-03,1.3909,1.3607,1.4283,1.2586,1.3194,1.4134,1.1694,1.3184
2023-11-06,1.3959,1.3664,1.4303,1.2558,1.3208,1.4164,1.1699,1.3195
2023-11-07,1.3924,1.3613,1.4292,1.247,1.3193,1.4099,1.1613,1.3118
2023-11-08,1.3909,1.3606,1.4236,1.2386,1.3136,1.4084,1.154,1.3068
2023-11-09,1.4013,1.3695,1.433,1.2533,1.3216,1.4246,1.1735,1.3211
2023-11-10,1.391,1.3623,1.4234,1.2442,1.3132,1.4065,1.1535,1.3044
2023-11-13,1.4053,1.3779,1.442,1.2534,1.3282,1.4193,1.1637,1.3172
2023-11-14,1.4004,1.3737,1.4454,1.2588,1.3304,1.4224,1.1669,1.3182
2023-11-15,1.4096,1.3848,1.4667,1.2763,1.3496,1.4353,1.1729,1.3296
2023-11-16,1.3973,1.3708,1.4479,1.2518,1.3295,1.4177,1.1618,1.3135
2023-11-17,1.4162,1.3876,1.4741,1.2812,1.355,1.4468,1.1858,1.339
2023-11-20,1.4157,1.3888,1.4798,1.288,1.3603,1.4464,1.1827,1.3384
2023-11-21,1.4116,1.3831,1.469,1.2784,1.3507,1.4411,1.1806,1.3338
2023-11-22,1.3994,1.3677,1.4452,1.2571,1.3297,1.4213,1.1645,1.3156
2023-11-23,1.4015,1.3747,1.4567,1.2672,1.34,1.4313,1.1727,1.3253
2023-11-24,1.4056,1.3773,1.4612,1.2711,1.3436,1.4354,1.1767,1.3284
2023-11-27,1.3965,1.3685,1.4541,1.2616,1.3356,1.4201,1.1614,1.3143
2023-11-28,1.4016,1.3772,1.4724,1.2684,1.3459,1.4179,1.1582,1.3122
2023-11-29,1.4013,1.376,1.4749,1.2718,1.3436,1.4178,1.1645,1.3109
2023-11-30,1.4118,1.3875,1.4894,1.2813,1.3554,1.4282,1.1726,1.3207
2023-12-01,1.4283,1.405,1.5085,1.2958,1.3696,1.4395,1.1829,1.3305
2023-12-04,1.4284,1.4041,1.5206,1.3014,1.376,1.4428,1.1872,1.3329
2023-12-05,1.4224,1.3982,1.5125,1.3,1.369,1.4322,1.1777,1.3237
2023-12-06,1.431,1.4048,1.5233,1.3071,1.3774,1.438,1.1795,1.3286
2023-12-07,1.4262,1.4003,1.5244,1.3101,1.3785,1.4299,1.1794,1.322
2023-12-08,1.4379,1.4147,1.5334,1.3148,1.3836,1.4348,1.1813,1.324
2023-12-11,1.4327,1.4111,1.5263,1.31,1.3763,1.4261,1.1663,1.3152
2023-12-12,1.4317,1.4133,1.5339,1.3198,1.3804,1.4279,1.1641,1.3148
2023-12-13,1.4297,1.4121,1.5384,1.3151,1.3873,1.4156,1.1591,1.3063
2023-12-14,1.4501,1.4288,1.5588,1.3242,1.4015,1.4289,1.1706,1.3138
2023-12-15,1.433,1.413,1.5406,1.3146,1.3877,1.4127,1.1676,1.302
2023-12-18,1.4458,1.425,1.55,1.3207,1.3954,1.4286,1.1763,1.3152
2023-12-19,1.4473,1.4273,1.554,1.3285,1.3967,1.433,1.1793,1.3173
2023-12-20,1.4623,1.4428,1.5702,1.3389,1.411,1.4452,1.1875,1.3281
2023-12-21,1.4638,1.4436,1.5691,1.3397,1.4088,1.4535,1.1911,1.3343
2023-12-22,1.467,1.4468,1.5742,1.3414,1.4134,1.4574,1.192,1.3379
2023-12-27,1.4709,1.4499,1.5775,1.3407,1.4173,1.4566,1.1957,1.3384
2023-12-28,1.4713,1.4497,1.5779,1.3417,1.4196,1.4558,1.1972,1.3396
2023-12-29,1.4747,1.4544,1.579,1.344,1.4188,1.4606,1.1992,1.3425
2024-01-02,1.4841,1.4608,1.585,1.3422,1.4272,1.4611,1.2,1.3448
2024-01-03,1.4814,1.4576,1.5714,1.3328,1.4194,1.45,1.1937,1.339
2024-01-04,1.493,1.4691,1.5787,1.3364,1.4241,1.4597,1.1977,1.346
2024-01-05,1.4896,1.466,1.5736,1.3359,1.4186,1.4606,1.1991,1.3461
2024-01-08,1.487,1.4634,1.5776,1.3408,1.4191,1.4639,1.1954,1.3473
2024-01-09,1.4855,1.4626,1.5653,1.3331,1.408,1.4626,1.1966,1.3479
2024-01-10,1.4725,1.4527,1.5473,1.3144,1.3916,1.4458,1.1795,1.3332
2024-01-11,1.4485,1.4298,1.5197,1.2836,1.3673,1.4215,1.1655,1.3138
2024-01-12,1.4594,1.4428,1.5252,1.2892,1.3723,1.4287,1.175,1.3224
2024-01-15,1.4504,1.4321,1.5171,1.2821,1.365,1.4233,1.1701,1.3168
2024-01-16,1.4414,1.4227,1.5078,1.273,1.3576,1.414,1.1677,1.3097
2024-01-17,1.4234,1.4051,1.4831,1.2527,1.3364,1.3972,1.1507,1.2931
2024-01-18,1.4217,1.4068,1.4792,1.2472,1.3327,1.3861,1.1389,1.2815
2024-01-19,1.4226,1.4052,1.4804,1.2549,1.3345,1.3947,1.1504,1.2881
2024-01-22,1.4275,1.4087,1.4757,1.2558,1.3307,1.4019,1.1509,1.2918
2024-01-23,1.4323,1.41,1.4993,1.2759,1.352,1.4177,1.1635,1.3061
2024-01-24,1.4402,1.4207,1.5135,1.2853,1.3642,1.4184,1.1615,1.306
2024-01-25,1.4355,1.418,1.5064,1.2739,1.358,1.4149,1.1583,1.304
2024-01-26,1.454,1.4321,1.5386,1.3089,1.387,1.4489,1.1906,1.3353
2024-01-29,1.4539,1.4345,1.5345,1.2962,1.3834,1.445,1.1843,1.3332
2024-01-30,1.461,1.4422,1.5332,1.2937,1.3818,1.4545,1.1865,1.342
2024-01-31,1.4491,1.4298,1.5178,1.2779,1.3677,1.4373,1.1719,1.3282
2024-02-01,1.446,1.4277,1.518,1.2752,1.3677,1.4422,1.1813,1.3339
2024-02-02,1.4531,1.4339,1.5186,1.2883,1.368,1.4488,1.1859,1.3381
2024-02-05,1.4458,1.4287,1.4823,1.2488,1.3357,1.4266,1.1714,1.3243
2024-02-06,1.4631,1.4504,1.5095,1.2621,1.3547,1.4455,1.1855,1.34
2024-02-07,1.4486,1.4407,1.5037,1.2468,1.3453,1.4314,1.1719,1.322
2024-02-08,1.4381,1.428,1.4772,1.2113,1.3219,1.4003,1.1377,1.2935
2024-02-09,1.4316,1.4232,1.479,1.209,1.3235,1.3871,1.1339,1.2821
2024-02-12,1.4286,1.4185,1.4567,1.1882,1.3052,1.3767,1.1153,1.2734
2024-02-13,1.4215,1.4117,1.4537,1.1815,1.3027,1.3709,1.1089,1.2676
2024-02-14,1.4352,1.4255,1.4691,1.1981,1.3165,1.387,1.1239,1.2829
2024-02-15,1.441,1.4308,1.4725,1.206,1.3165,1.3985,1.1328,1.2909
2024-02-16,1.4696,1.4585,1.4913,1.2273,1.3337,1.4238,1.1533,1.3147
2024-02-19,1.4762,1.4674,1.5131,1.2522,1.349,1.4411,1.1777,1.3286
2024-02-20,1.4808,1.4678,1.5031,1.2457,1.3433,1.4342,1.1697,1.3255
2024-02-21,1.467,1.4539,1.4997,1.2413,1.3399,1.4035,1.1652,1.2941
2024-02-22,1.4749,1.4686,1.5151,1.2406,1.3398,1.4144,1.1691,1.2908
2024-02-23,1.4782,1.47,1.5191,1.2523,1.3464,1.4191,1.1784,1.2995
2024-02-26,1.4788,1.4735,1.5271,1.257,1.3499,1.4209,1.1834,1.2985
2024-02-27,1.4833,1.4744,1.5251,1.2573,1.3489,1.4249,1.1839,1.3031
2024-02-28,1.4859,1.4801,1.5292,1.2571,1.3474,1.4357,1.1857,1.3082
2024-02-29,1.4854,1.4798,1.5218,1.2491,1.3414,1.434,1.1782,1.3072
2024-03-01,1.5048,1.4991,1.5354,1.2552,1.3501,1.445,1.1859,1.3138
2024-03-04,1.5014,1.4973,1.5312,1.2495,1.3453,1.4384,1.1805,1.3068
2024-03-05,1.5071,1.5029,1.5335,1.254,1.3482,1.4421,1.1853,1.3103
2024-03-06,1.5163,1.5135,1.5445,1.2608,1.3569,1.4536,1.1961,1.321
2024-03-07,1.5202,1.5202,1.5471,1.2565,1.3546,1.4511,1.1868,1.3187
2024-03-08,1.5129,1.5105,1.5363,1.2485,1.3445,1.4463,1.1845,1.3151
2024-03-11,1.5119,1.5094,1.5413,1.26,1.3503,1.4493,1.1789,1.3161
2024-03-12,1.5297,1.5302,1.5682,1.2767,1.373,1.4718,1.1989,1.3359
2024-03-13,1.5341,1.5391,1.5667,1.2745,1.3712,1.469,1.1957,1.3338
2024-03-14,1.5238,1.5298,1.5393,1.254,1.3487,1.4467,1.1695,1.3171
2024-03-15,1.5338,1.5382,1.5499,1.2581,1.3574,1.4551,1.1762,1.3246
2024-03-18,1.5306,1.5371,1.5484,1.2594,1.3574,1.4566,1.1784,1.3263
2024-03-19,1.5385,1.5495,1.5527,1.2548,1.3588,1.4523,1.1777,1.3229
2024-03-20,1.5404,1.5537,1.5649,1.2594,1.3677,1.4571,1.1865,1.3252
2024-03-21,1.5725,1.5875,1.6125,1.2958,1.4084,1.4981,1.2189,1.3613
2024-03-22,1.5833,1.5971,1.6235,1.3063,1.4185,1.5109,1.2384,1.3726
2024-03-25,1.5823,1.597,1.6215,1.3019,1.4159,1.5076,1.2348,1.3693
2024-03-26,1.5848,1.6019,1.6316,1.3069,1.4239,1.515,1.2447,1.3769
2024-03-27,1.5852,1.597,1.6315,1.3166,1.4252,1.521,1.2439,1.3823
2024-03-28,1.5935,1.6056,1.6418,1.3205,1.4328,1.5254,1.2486,1.3846
2024-04-02,1.5985,1.6091,1.638,1.3208,1.4308,1.5261,1.2501,1.384
2024-04-03,1.6084,1.6205,1.6557,1.3312,1.4449,1.5384,1.2598,1.3923
2024-04-04,1.6173,1.6277,1.6502,1.3282,1.4391,1.5322,1.2595,1.3863
2024-04-05,1.605,1.6209,1.6331,1.3147,1.4267,1.5149,1.2448,1.372
2024-04-08,1.6178,1.6364,1.6536,1.3217,1.4428,1.5153,1.2513,1.3698
2024-04-09,1.6084,1.6193,1.6443,1.3245,1.4307,1.5165,1.2564,1.3701
2024-04-10,1.6157,1.6252,1.6363,1.3175,1.4252,1.52,1.2485,1.3766
2024-04-11,1.5973,1.61,1.6339,1.3121,1.4252,1.4996,1.2414,1.3576
2024-04-12,1.6198,1.6344,1.6737,1.3466,1.4579,1.5198,1.2692,1.3704
2024-04-15,1.6184,1.6329,1.6775,1.3421,1.4626,1.5183,1.2624,1.3697
2024-04-16,1.5834,1.5973,1.6408,1.3101,1.4319,1.4895,1.2361,1.346
2024-04-17,1.5931,1.6069,1.6515,1.3121,1.4386,1.4927,1.2412,1.347
2024-04-18,1.5969,1.6083,1.642,1.3113,1.4282,1.4956,1.2451,1.3501
2024-04-19,1.6014,1.6095,1.6503,1.3177,1.4362,1.5026,1.2516,1.357
2024-04-22,1.632,1.6396,1.6764,1.3405,1.4598,1.5379,1.2718,1.3899
2024-04-23,1.6391,1.6513,1.6756,1.3374,1.4619,1.5358,1.2642,1.3891
2024-04-24,1.6446,1.6579,1.6899,1.3388,1.4738,1.534,1.2678,1.3863
2024-04-25,1.6548,1.6577,1.6698,1.3316,1.4555,1.5454,1.2795,1.404
2024-04-26,1.6732,1.6803,1.6831,1.3375,1.4682,1.5518,1.2866,1.4109
2024-04-29,1.6737,1.6784,1.6977,1.3509,1.4812,1.5626,1.2936,1.4188
2024-04-30,1.673,1.6764,1.6787,1.337,1.466,1.5565,1.2833,1.4187
2024-05-01,1.6728,1.6728,1.6786,1.3421,1.4678,1.5619,1.2822,1.4248
2024-05-02,1.6757,1.6746,1.6689,1.3378,1.4607,1.557,1.2767,1.4222
2024-05-03,1.6812,1.6839,1.6691,1.3352,1.4606,1.5567,1.2756,1.4217
2024-05-07,1.7037,1.7045,1.7159,1.3677,1.5004,1.5943,1.308,1.4541
2024-05-08,1.711,1.715,1.7143,1.369,1.5007,1.5951,1.3125,1.4568
2024-05-09,1.7169,1.721,1.7251,1.3772,1.51,1.5919,1.3172,1.4522
2024-05-10,1.727,1.7264,1.7405,1.3892,1.5224,1.6064,1.3272,1.4643
2024-05-13,1.7241,1.7192,1.7395,1.3887,1.5218,1.6069,1.3286,1.4652
2024-05-14,1.735,1.7264,1.7587,1.4005,1.5363,1.6265,1.3424,1.4811
2024-05-15,1.7348,1.7261,1.7427,1.3908,1.523,1.6098,1.3272,1.4663
2024-05-16,1.7335,1.7206,1.7562,1.3953,1.5328,1.6168,1.3283,1.4703
2024-05-17,1.737,1.7211,1.7784,1.414,1.5527,1.6348,1.3441,1.4867
2024-05-20,1.7428,1.7338,1.7861,1.4202,1.5591,1.6372,1.3451,1.4882
2024-05-21,1.7416,1.7339,1.7897,1.4233,1.5626,1.6416,1.3496,1.4926
2024-05-22,1.7265,1.716,1.7605,1.4104,1.5408,1.6111,1.3289,1.4682
2024-05-23,1.7294,1.7252,1.7625,1.4069,1.5414,1.6159,1.3344,1.4718
2024-05-24,1.7266,1.7243,1.76,1.4046,1.5391,1.6203,1.3405,1.4762
2024-05-28,1.725,1.7253,1.765,1.4021,1.5416,1.6179,1.3374,1.4716
2024-05-29,1.7136,1.7147,1.7382,1.3854,1.5191,1.5967,1.3204,1.4536
2024-05-30,1.7252,1.7258,1.753,1.3946,1.5322,1.6091,1.3321,1.465
2024-05-31,1.7346,1.7355,1.7499,1.3895,1.529,1.609,1.3301,1.4645
2024-06-03,1.7267,1.7318,1.7534,1.3901,1.5297,1.5977,1.3181,1.4533
2024-06-04,1.7102,1.7084,1.7259,1.3685,1.5052,1.5638,1.2918,1.4227
2024-06-05,1.7092,1.71,1.7217,1.3665,1.5013,1.558,1.2835,1.4171
2024-06-06,1.7164,1.7227,1.7222,1.3595,1.5027,1.5756,1.2964,1.4323
2024-06-07,1.7088,1.716,1.7074,1.3473,1.4907,1.5677,1.2949,1.4263
2024-06-10,1.7084,1.7209,1.7056,1.3514,1.4908,1.5798,1.3033,1.4373
2024-06-11,1.6861,1.7004,1.679,1.333,1.4694,1.5568,1.2832,1.4178
2024-06-12,1.6915,1.7077,1.6781,1.3265,1.468,1.5539,1.2826,1.4154
2024-06-13,1.6817,1.6972,1.6693,1.3192,1.4602,1.5418,1.27,1.404
2024-06-14,1.6767,1.6845,1.6625,1.3132,1.4543,1.5372,1.2719,1.4005
2024-06-17,1.6784,1.6876,1.6622,1.3128,1.4546,1.5358,1.2755,1.4008
2024-06-18,1.6902,1.7005,1.675,1.3235,1.465,1.5474,1.2863,1.4109
2024-06-19,1.6971,1.7082,1.6877,1.3338,1.4758,1.5552,1.2921,1.4179
2024-06-20,1.7122,1.7269,1.7099,1.349,1.4937,1.5693,1.3013,1.4301
2024-06-21,1.6972,1.7086,1.6926,1.337,1.4809,1.5562,1.2899,1.4197
2024-06-24,1.7053,1.7162,1.702,1.3465,1.489,1.5663,1.2984,1.4289
2024-06-25,1.6951,1.7054,1.6868,1.3355,1.4782,1.5633,1.2959,1.427
2024-06-26,1.692,1.7007,1.6831,1.3298,1.4746,1.5611,1.2944,1.4245
2024-06-27,1.6836,1.6927,1.6802,1.3278,1.4726,1.5594,1.2934,1.4241
2024-06-28,1.6807,1.6908,1.679,1.3276,1.4725,1.5565,1.2892,1.4221
2024-07-01,1.6876,1.6932,1.6807,1.3226,1.4718,1.5445,1.2778,1.412
2024-07-02,1.6773,1.6846,1.6708,1.3102,1.4618,1.5279,1.2644,1.3974
2024-07-03,1.6917,1.7005,1.6867,1.3171,1.474,1.5278,1.2658,1.3974
2024-07-04,1.7121,1.7209,1.7038,1.3279,1.4888,1.5377,1.2729,1.4067
2024-07-05,1.7018,1.7066,1.7112,1.3313,1.4953,1.5356,1.2715,1.4052
2024-07-08,1.703,1.7104,1.713,1.3327,1.4971,1.5366,1.2722,1.4064
2024-07-09,1.6861,1.6878,1.7018,1.3272,1.4878,1.5343,1.2713,1.4051
2024-07-10,1.6968,1.6989,1.7098,1.3311,1.4948,1.5443,1.2761,1.4143
2024-07-11,1.7001,1.7018,1.7198,1.3373,1.504,1.5482,1.2789,1.4179
2024-07-12,1.7012,1.7006,1.7235,1.3424,1.508,1.5582,1.2856,1.4271
2024-07-15,1.6915,1.6933,1.7122,1.3335,1.4988,1.5483,1.2777,1.4183
2024-07-16,1.6896,1.695,1.7067,1.3351,1.4968,1.5539,1.2829,1.4234
2024-07-17,1.6982,1.6956,1.7124,1.3439,1.5022,1.565,1.2925,1.4338
2024-07-18,1.6997,1.6931,1.7162,1.3494,1.5074,1.5722,1.2996,1.442
2024-07-19,1.6934,1.691,1.7068,1.3443,1.5007,1.5681,1.2954,1.4382
2024-07-22,1.6988,1.6957,1.7095,1.3465,1.5029,1.5737,1.2985,1.4424
2024-07-23,1.6935,1.6962,1.7003,1.3396,1.4962,1.5644,1.29,1.4337
2024-07-24,1.6881,1.6848,1.6995,1.3388,1.4956,1.56,1.2868,1.429
2024-07-25,1.6951,1.6814,1.7035,1.3431,1.4988,1.5746,1.2969,1.4477
2024-07-26,1.7206,1.7088,1.7134,1.3555,1.5079,1.5926,1.3134,1.4639
2024-07-29,1.7257,1.7135,1.7166,1.3671,1.5092,1.606,1.3291,1.4744
2024-07-30,1.718,1.7082,1.7113,1.3642,1.504,1.5979,1.3238,1.4678
2024-07-31,1.7349,1.7287,1.7283,1.3756,1.5217,1.6126,1.3326,1.4839
2024-08-01,1.7082,1.7108,1.7198,1.3593,1.5128,1.5841,1.2836,1.4629
2024-08-02,1.6832,1.6785,1.6854,1.32,1.4846,1.5698,1.2629,1.4506
2024-08-05,1.649,1.641,1.6422,1.2828,1.4474,1.5376,1.2435,1.4205
2024-08-06,1.6586,1.6587,1.667,1.3108,1.4656,1.5437,1.2482,1.4258
2024-08-07,1.6959,1.6967,1.7079,1.35,1.5002,1.5859,1.2826,1.4632
2024-08-08,1.6909,1.6896,1.703,1.3394,1.4972,1.5792,1.2713,1.4579
2024-08-09,1.6977,1.699,1.7135,1.3545,1.5045,1.5842,1.2755,1.4615
2024-08-12,1.7092,1.7112,1.724,1.3619,1.5142,1.5996,1.2908,1.4762
2024-08-13,1.7128,1.7174,1.7242,1.3678,1.5125,1.6055,1.3009,1.4814
2024-08-14,1.7241,1.7318,1.7345,1.3832,1.5205,1.6227,1.322,1.4975
2024-08-15,1.7373,1.7473,1.7356,1.3951,1.5197,1.6351,1.3318,1.5081
2024-08-16,1.733,1.7422,1.7352,1.3966,1.5185,1.6309,1.3312,1.5028
2024-08-19,1.7431,1.75,1.7497,1.4042,1.532,1.6371,1.334,1.508
2024-08-20,1.7195,1.7246,1.7191,1.3802,1.5038,1.6111,1.3096,1.4831
2024-08-21,1.7201,1.7244,1.7188,1.3767,1.5035,1.6053,1.3079,1.4776
2024-08-22,1.721,1.7259,1.7165,1.3783,1.5002,1.6042,1.3072,1.4767
2024-08-23,1.731,1.7354,1.717,1.38,1.5004,1.6037,1.304,1.4762
2024-08-27,1.739,1.74,1.7226,1.3828,1.5072,1.6091,1.307,1.4827
2024-08-28,1.7317,1.7359,1.7145,1.3839,1.5014,1.5993,1.2996,1.4737
2024-08-29,1.7403,1.7452,1.7242,1.3902,1.5106,1.6078,1.307,1.4817
2024-08-30,1.7398,1.7425,1.7259,1.3835,1.512,1.6058,1.3011,1.4795
2024-09-02,1.7276,1.7162,1.6973,1.3404,1.4929,1.579,1.2674,1.459
2024-09-03,1.7091,1.6996,1.6882,1.338,1.4856,1.5573,1.2527,1.4361
2024-09-04,1.71,1.7022,1.6943,1.3457,1.4894,1.5609,1.2572,1.4378
2024-09-05,1.71,1.6988,1.703,1.345,1.4968,1.566,1.2595,1.4418
2024-09-06,1.6839,1.6688,1.6694,1.3182,1.4719,1.53,1.2299,1.4105
2024-09-09,1.7015,1.6896,1.6973,1.3429,1.4948,1.5536,1.25,1.4309
2024-09-10,1.6804,1.67,1.676,1.3374,1.4772,1.529,1.2372,1.4081
2024-09-11,1.6845,1.6746,1.6794,1.3489,1.4792,1.5349,1.2472,1.4138
2024-09-12,1.6983,1.6939,1.7016,1.3745,1.4942,1.562,1.2738,1.4375
2024-09-13,1.7064,1.7046,1.7156,1.3878,1.505,1.5752,1.2864,1.4487
2024-09-16,1.7092,1.7036,1.7116,1.3839,1.5027,1.5721,1.2847,1.4468
2024-09-17,1.708,1.7006,1.7209,1.385,1.5096,1.5849,1.2911,1.4588
2024-09-18,1.7005,1.6938,1.7116,1.3804,1.5,1.5801,1.2879,1.4542
2024-09-19,1.7169,1.7232,1.7523,1.4296,1.5292,1.625,1.3336,1.4931
2024-09-20,1.6999,1.7084,1.7393,1.4173,1.5176,1.607,1.3185,1.4745
2024-09-23,1.7036,1.7132,1.7433,1.4249,1.5221,1.6101,1.3196,1.4781
2024-09-24,1.7156,1.7209,1.7483,1.4247,1.5246,1.6152,1.323,1.4804
2024-09-25,1.7103,1.7171,1.7478,1.4312,1.5264,1.6148,1.3239,1.4825
2024-09-26,1.7128,1.715,1.7614,1.4318,1.5358,1.6166,1.3244,1.4793
2024-09-27,1.7205,1.72,1.7637,1.4322,1.5382,1.6225,1.3303,1.4856
2024-09-30,1.7104,1.7127,1.7492,1.4265,1.5249,1.6092,1.3176,1.473
2024-10-01,1.7162,1.719,1.7446,1.4236,1.5245,1.5998,1.3112,1.4677
2024-10-02,1.718,1.7213,1.7378,1.4094,1.5203,1.5854,1.3015,1.455
2024-10-03,1.7201,1.7302,1.7391,1.4167,1.5189,1.594,1.3046,1.4629
2024-10-04,1.7311,1.7403,1.753,1.4237,1.5263,1.6116,1.317,1.4739
2024-10-07,1.7452,1.7528,1.7693,1.4309,1.5378,1.6226,1.3242,1.48
2024-10-08,1.7125,1.7242,1.759,1.4266,1.53,1.6173,1.3211,1.477
2024-10-09,1.7237,1.7356,1.7702,1.4343,1.5395,1.6288,1.3304,1.4878
2024-10-10,1.725,1.7331,1.7713,1.4334,1.5395,1.6252,1.3271,1.4823
2024-10-11,1.7296,1.7422,1.7858,1.4442,1.5505,1.6369,1.337,1.4903
2024-10-14,1.7337,1.7471,1.7885,1.448,1.5543,1.6339,1.3348,1.4884
2024-10-15,1.7198,1.7342,1.7943,1.4561,1.5596,1.6417,1.3423,1.4958
2024-10-16,1.7361,1.7567,1.8159,1.4762,1.575,1.6556,1.3509,1.5036
2024-10-17,1.7484,1.7745,1.8428,1.4943,1.594,1.6866,1.3734,1.5286
2024-10-18,1.7456,1.7711,1.831,1.4877,1.5838,1.6775,1.3654,1.521
2024-10-21,1.738,1.7656,1.8159,1.4761,1.5709,1.659,1.3506,1.5037
2024-10-22,1.7396,1.7667,1.8162,1.474,1.5701,1.66,1.3481,1.5037
2024-10-23,1.7237,1.7528,1.7888,1.4504,1.5458,1.6412,1.331,1.4861
2024-10-24,1.7317,1.7552,1.8149,1.4672,1.5693,1.6509,1.3429,1.4979
2024-10-25,1.7221,1.7459,1.8098,1.4694,1.5653,1.6546,1.3437,1.4995
2024-10-28,1.7249,1.7495,1.8109,1.4694,1.5665,1.6597,1.3469,1.5043
2024-10-29,1.7069,1.7313,1.7886,1.4551,1.5481,1.6634,1.3439,1.5062
2024-10-30,1.6974,1.724,1.7994,1.4566,1.5545,1.6524,1.3326,1.4951
2024-10-31,1.6875,1.7081,1.7992,1.4692,1.5577,1.6595,1.3352,1.5023
2024-11-01,1.7034,1.7282,1.8085,1.4735,1.565,1.6674,1.3445,1.5096
2024-11-04,1.7099,1.7344,1.812,1.4732,1.5671,1.6701,1.3437,1.5116
2024-11-05,1.7091,1.7402,1.8175,1.476,1.5713,1.6691,1.3398,1.5105
2024-11-06,1.7181,1.7587,1.8205,1.4539,1.567,1.6496,1.3196,1.4916
2024-11-07,1.7111,1.7452,1.8208,1.4565,1.5655,1.6563,1.3255,1.4943
2024-11-08,1.6869,1.7241,1.7936,1.4356,1.5447,1.6218,1.3053,1.4674
2024-11-11,1.7037,1.749,1.8039,1.4296,1.5507,1.6223,1.3049,1.4685
2024-11-12,1.6722,1.7197,1.7534,1.403,1.5125,1.5984,1.2856,1.4489
2024-11-13,1.6774,1.7211,1.7666,1.4083,1.5224,1.6012,1.2855,1.4512
2024-11-14,1.6776,1.7147,1.7647,1.4105,1.522,1.6022,1.2848,1.4526
2024-11-15,1.6805,1.714,1.7795,1.4214,1.534,1.6042,1.2799,1.4538
2024-11-18,1.6923,1.7243,1.7929,1.4296,1.5449,1.6166,1.287,1.4641
2024-11-19,1.6839,1.7116,1.7955,1.4359,1.547,1.6066,1.2833,1.4559
2024-11-20,1.6846,1.711,1.7943,1.4399,1.545,1.6131,1.2848,1.4602
2024-11-21,1.6956,1.7311,1.7963,1.4293,1.5488,1.6136,1.2808,1.4624
2024-11-22,1.7063,1.7376,1.8219,1.4456,1.5729,1.6139,1.2888,1.4637
2024-11-25,1.7114,1.7384,1.8171,1.4535,1.5676,1.6351,1.2949,1.4797
2024-11-26,1.6981,1.7264,1.8068,1.4428,1.5594,1.6138,1.2852,1.4608
2024-11-27,1.6987,1.7238,1.8082,1.4426,1.5614,1.6077,1.2828,1.4552
2024-11-28,1.7077,1.7349,1.811,1.4439,1.5634,1.6132,1.2847,1.4588
2024-11-29,1.7054,1.7357,1.7891,1.4295,1.5449,1.6155,1.2811,1.461
2024-12-02,1.7109,1.7477,1.7989,1.4402,1.5539,1.612,1.2792,1.4578
2024-12-03,1.7281,1.771,1.8037,1.4418,1.5572,1.6244,1.2873,1.4701
2024-12-04,1.7187,1.7648,1.7952,1.4361,1.5499,1.6116,1.2774,1.4586
2024-12-05,1.7221,1.7643,1.7926,1.4407,1.5463,1.6184,1.2807,1.4617
2024-12-06,1.7131,1.7545,1.7828,1.4349,1.5368,1.6133,1.2778,1.4565
2024-12-09,1.7297,1.7661,1.7951,1.4418,1.5472,1.6448,1.2921,1.4864
2024-12-10,1.7145,1.7446,1.7848,1.4297,1.5393,1.626,1.2815,1.4707
2024-12-11,1.7171,1.754,1.785,1.4265,1.5407,1.6184,1.2707,1.4626
2024-12-12,1.7205,1.7586,1.7874,1.4199,1.5436,1.6145,1.2695,1.459
2024-12-13,1.7132,1.7503,1.7771,1.4066,1.5357,1.6003,1.2634,1.4463
2024-12-16,1.7073,1.7502,1.7565,1.3914,1.5193,1.5836,1.2446,1.4299
2024-12-17,1.6906,1.7316,1.7311,1.3685,1.4961,1.57,1.2328,1.4181
2024-12-18,1.6931,1.7389,1.739,1.3725,1.5027,1.5693,1.2341,1.4176
2024-12-19,1.6751,1.7198,1.7187,1.3539,1.4862,1.5496,1.2169,1.4004
2024-12-20,1.6677,1.7111,1.7106,1.3469,1.4794,1.5438,1.2121,1.3952
2024-12-23,1.6738,1.7167,1.7159,1.3503,1.4844,1.5515,1.218,1.4023
2024-12-24,1.6825,1.7238,1.7207,1.3528,1.4892,1.5551,1.2215,1.4056
2024-12-27,1.6855,1.7281,1.726,1.3533,1.4942,1.5574,1.2215,1.408
2024-12-30,1.6799,1.7205,1.7176,1.3447,1.4881,1.5501,1.2137,1.4015
2024-12-31,1.6929,1.7303,1.7291,1.3512,1.4998,1.5637,1.2208,1.4141
2025-01-02,1.7125,1.7548,1.7679,1.3757,1.5321,1.5876,1.2409,1.4353
2025-01-03,1.7082,1.7515,1.7747,1.3763,1.5402,1.581,1.2352,1.4293
2025-01-06,1.7151,1.7532,1.7755,1.3809,1.543,1.5917,1.2439,1.4387
2025-01-07,1.7093,1.7493,1.7896,1.3832,1.5568,1.5946,1.2427,1.4424
2025-01-08,1.7113,1.7536,1.7968,1.403,1.5616,1.6094,1.2564,1.4557
2025-01-09,1.7186,1.7604,1.8065,1.4057,1.5705,1.6149,1.2557,1.4604
2025-01-10,1.705,1.747,1.8044,1.3998,1.5703,1.6131,1.2483,1.4597
2025-01-13,1.7099,1.7463,1.8097,1.4037,1.5776,1.6198,1.2495,1.4651
2025-01-14,1.706,1.7446,1.8057,1.4045,1.5734,1.6085,1.2438,1.4535
2025-01-15,1.735,1.7702,1.809,1.4077,1.577,1.6212,1.2548,1.4655
2025-01-16,1.7521,1.7929,1.8276,1.4228,1.5918,1.6336,1.2661,1.4772
2025-01-17,1.7767,1.8189,1.8543,1.4469,1.6145,1.6606,1.2901,1.5005
2025-01-20,1.7819,1.8263,1.8627,1.4555,1.6215,1.671,1.3001,1.509
2025-01-21,1.789,1.8338,1.884,1.4656,1.6379,1.6786,1.3081,1.5153
2025-01-22,1.786,1.8365,1.8772,1.46,1.6328,1.6809,1.3055,1.5161
2025-01-23,1.7934,1.8494,1.8867,1.4676,1.6389,1.6993,1.3222,1.5285
2025-01-24,1.7743,1.8279,1.8583,1.444,1.6146,1.6732,1.3036,1.5052
2025-01-27,1.7718,1.8163,1.8659,1.4499,1.6252,1.6701,1.2951,1.5091
2025-01-28,1.7706,1.8135,1.878,1.46,1.6366,1.676,1.2933,1.5166
2025-01-29,1.774,1.816,1.8918,1.4685,1.6446,1.6895,1.3054,1.5245
2025-01-30,1.7878,1.834,1.8975,1.4775,1.6519,1.7018,1.3145,1.5365
2025-01-31,1.7926,1.8436,1.895,1.4749,1.6484,1.7048,1.3196,1.5365
2025-02-03,1.7752,1.8203,1.8876,1.4635,1.6437,1.6864,1.3019,1.524
2025-02-04,1.7696,1.8198,1.8707,1.4728,1.6317,1.6934,1.3047,1.5299
2025-02-05,1.7903,1.8368,1.8934,1.4898,1.6528,1.7154,1.3144,1.5509
2025-02-06,1.8204,1.8646,1.9292,1.5155,1.6786,1.7447,1.3427,1.5726
2025-02-07,1.8174,1.861,1.9284,1.5139,1.6794,1.7393,1.3384,1.5703
2025-02-10,1.8325,1.877,1.9334,1.5142,1.6846,1.7437,1.3415,1.5745
2025-02-11,1.8353,1.8878,1.9377,1.5282,1.6895,1.763,1.3539,1.5907
2025-02-12,1.8439,1.8951,1.9518,1.5317,1.7002,1.7665,1.3592,1.5935
2025-02-13,1.8297,1.8856,1.9028,1.4751,1.6572,1.7189,1.3065,1.5492
2025-02-14,1.8233,1.8794,1.893,1.4676,1.6493,1.7229,1.3047,1.5523
2025-02-17,1.8379,1.9064,1.9008,1.4509,1.653,1.7005,1.2887,1.5321
2025-02-18,1.8453,1.918,1.9225,1.4681,1.6714,1.7157,1.3046,1.5457
2025-02-19,1.831,1.9056,1.9099,1.4599,1.6611,1.6834,1.2827,1.519
2025-02-20,1.8129,1.8753,1.8872,1.4496,1.6422,1.6887,1.2804,1.5236
2025-02-21,1.8171,1.8761,1.9057,1.4509,1.6554,1.692,1.2784,1.5258
2025-02-24,1.8209,1.8748,1.9099,1.4769,1.6608,1.7028,1.2953,1.5359
2025-02-25,1.8325,1.8943,1.9208,1.4885,1.6699,1.712,1.3076,1.5441
2025-02-26,1.8511,1.9202,1.9379,1.4789,1.6811,1.7256,1.3045,1.5551
2025-02-27,1.8723,1.9839,1.9314,1.4783,1.6761,1.7206,1.301,1.5509
2025-02-28,1.8904,2.0075,1.9577,1.4895,1.6971,1.7352,1.31,1.5637
2025-03-03,1.9226,2.0582,1.9613,1.4954,1.7,1.7383,1.3182,1.566
2025-03-04,1.8954,2.029,1.9048,1.4783,1.6537,1.7074,1.3089,1.5386
2025-03-05,1.9105,2.0566,1.9182,1.4687,1.6624,1.7168,1.3041,1.5459
2025-03-06,1.9048,2.0497,1.9242,1.4769,1.6679,1.7267,1.3149,1.5546
2025-03-07,1.8981,2.0323,1.9324,1.5153,1.6782,1.7346,1.3381,1.5626
2025-03-10,1.8738,1.9746,1.9175,1.5369,1.6696,1.7381,1.3527,1.5666
2025-03-11,1.8468,1.9615,1.8794,1.4925,1.6354,1.6966,1.3172,1.529
2025-03-12,1.8632,1.9958,1.8934,1.4794,1.6451,1.6931,1.3037,1.5259
2025-03-13,1.867,1.9912,1.8973,1.5081,1.65,1.7109,1.3222,1.5413
2025-03-14,1.8884,2.0281,1.9362,1.539,1.683,1.7051,1.3122,1.5246
2025-03-17,1.8952,2.035,1.9493,1.5509,1.6946,1.7008,1.3032,1.5155
2025-03-18,1.9119,2.0585,1.9762,1.5686,1.7173,1.7225,1.3198,1.5333
2025-03-19,1.9118,2.0632,1.9813,1.5712,1.7222,1.722,1.3205,1.5313
2025-03-20,1.9031,2.0451,1.9788,1.5676,1.723,1.7294,1.3281,1.5394
2025-03-21,1.8889,2.0315,1.9754,1.568,1.7201,1.7261,1.3214,1.5379
2025-03-24,1.884,2.0266,1.9625,1.5524,1.7081,1.7193,1.3287,1.5312
2025-03-25,1.8927,2.0389,1.9814,1.5676,1.7236,1.7349,1.3433,1.5451
2025-03-26,1.8997,2.0458,1.9894,1.5726,1.7312,1.7448,1.3502,1.5545
2025-03-27,1.8928,2.0395,1.9809,1.5687,1.7249,1.736,1.3438,1.5469
2025-03-28,1.8772,2.0099,1.9473,1.5458,1.6978,1.72,1.3288,1.5353
2025-03-31,1.854,1.9803,1.9204,1.5228,1.6764,1.7055,1.3154,1.5242
2025-04-01,1.8686,2.0095,1.9398,1.5399,1.6895,1.7074,1.32,1.5239
2025-04-02,1.8572,1.9916,1.9218,1.5185,1.6753,1.7027,1.3209,1.5201
2025-04-03,1.8169,1.9456,1.8436,1.4739,1.6054,1.6498,1.2765,1.4829
2025-04-04,1.7032,1.8002,1.6961,1.3523,1.4804,1.5503,1.2026,1.3993
2025-04-07,1.6471,1.7439,1.6407,1.3107,1.4315,1.4987,1.1638,1.3516
2025-04-08,1.6875,1.8034,1.697,1.3564,1.4769,1.5397,1.2015,1.3881
2025-04-09,1.6365,1.753,1.6349,1.3125,1.4215,1.4887,1.1631,1.3453
2025-04-10,1.6766,1.8081,1.6954,1.3559,1.4717,1.5117,1.1781,1.3547
2025-04-11,1.6928,1.8203,1.7241,1.3839,1.4989,1.5352,1.1952,1.3773
2025-04-14,1.7374,1.869,1.7652,1.4205,1.5324,1.5772,1.2278,1.4149
2025-04-15,1.7636,1.9074,1.7924,1.4403,1.5536,1.6073,1.245,1.4415
2025-04-16,1.772,1.9105,1.7979,1.4398,1.5595,1.608,1.2439,1.442
2025-04-17,1.7727,1.9029,1.8013,1.4459,1.5662,1.6052,1.2394,1.4419
2025-04-22,1.7877,1.913,1.8119,1.4558,1.5778,1.6156,1.246,1.4528
2025-04-23,1.8135,1.9434,1.8174,1.4582,1.5804,1.6289,1.2537,1.4645
2025-04-24,1.8142,1.9455,1.8185,1.4689,1.5814,1.6351,1.2627,1.4709
2025-04-25,1.8175,1.9603,1.8109,1.4606,1.5717,1.6341,1.2589,1.4691
2025-04-28,1.8207,1.9619,1.8171,1.4663,1.577,1.6435,1.2669,1.4775
2025-04-29,1.8333,1.9766,1.8437,1.4903,1.5977,1.6735,1.2884,1.5041
2025-04-30,1.8276,1.9702,1.855,1.508,1.6102,1.691,1.3041,1.5218
2025-05-01,1.8212,1.9699,1.8501,1.505,1.6056,1.6839,1.2981,1.5155
2025-05-02,1.8376,1.997,1.869,1.5155,1.6201,1.6947,1.3085,1.5232
2025-05-06,1.8369,1.993,1.8695,1.5218,1.6225,1.6946,1.3087,1.5248
2025-05-07,1.8232,1.9727,1.8565,1.5104,1.6142,1.6649,1.2859,1.4994
2025-05-08,1.825,1.9942,1.8461,1.4876,1.6014,1.6586,1.2692,1.4914
2025-05-09,1.8352,1.9973,1.8437,1.4872,1.6015,1.6584,1.2684,1.493
2025-05-12,1.8496,2.0044,1.8202,1.4695,1.58,1.6476,1.2615,1.483
2025-05-13,1.8513,2.0163,1.8106,1.4574,1.5689,1.6342,1.2498,1.4693
2025-05-14,1.855,2.0211,1.8096,1.457,1.5664,1.641,1.2544,1.473
2025-05-15,1.862,2.0394,1.8175,1.4595,1.5741,1.6568,1.2597,1.4874
2025-05-16,1.8729,2.0465,1.8238,1.459,1.5802,1.6633,1.2588,1.4941
2025-05-19,1.8791,2.0566,1.8221,1.4549,1.5787,1.6643,1.2567,1.4951
2025-05-20,1.9087,2.0775,1.8434,1.4766,1.5959,1.6853,1.2761,1.5131
2025-05-21,1.9118,2.0842,1.84,1.469,1.5932,1.6841,1.2717,1.5123
2025-05-22,1.9104,2.0923,1.8323,1.4616,1.5853,1.6817,1.2686,1.5091
2025-05-23,1.9018,2.0838,1.8301,1.4628,1.5826,1.6787,1.2707,1.5063
2025-05-27,1.9202,2.1105,1.834,1.4754,1.5842,1.7022,1.2875,1.5253
2025-05-28,1.9095,2.1048,1.8197,1.4653,1.5719,1.6933,1.28,1.5174
2025-05-29,1.9121,2.1025,1.8336,1.4815,1.5829,1.6996,1.2907,1.5231
2025-05-30,1.9301,2.1243,1.8499,1.5076,1.5957,1.7225,1.3126,1.5443
2025-06-02,1.9342,2.1316,1.8481,1.506,1.5932,1.7236,1.3133,1.5443
2025-06-03,1.9389,2.1533,1.8482,1.5041,1.5931,1.7326,1.3151,1.552
2025-06-04,1.9359,2.1478,1.8572,1.5202,1.6002,1.7402,1.3285,1.5591
2025-06-05,1.933,2.1398,1.8591,1.5273,1.6019,1.7486,1.3369,1.5654
2025-06-06,1.9377,2.1471,1.861,1.5247,1.604,1.7449,1.3292,1.5634
2025-06-09,1.9355,2.1467,1.8658,1.5331,1.6078,1.7475,1.3349,1.566
2025-06-10,1.93,2.1307,1.855,1.5291,1.5996,1.7261,1.3263,1.5488
2025-06-11,1.9305,2.1375,1.8494,1.5233,1.5948,1.7199,1.3205,1.5436
2025-06-12,1.9436,2.1467,1.8561,1.5228,1.5994,1.7246,1.3252,1.5471
2025-06-13,1.9429,2.1404,1.8619,1.5287,1.6014,1.7175,1.3218,1.5407
2025-06-16,1.9485,2.1537,1.8745,1.5314,1.6118,1.7379,1.3387,1.5568
2025-06-17,1.9394,2.1484,1.861,1.5221,1.5998,1.7212,1.3272,1.5424
2025-06-18,1.9432,2.154,1.8665,1.5214,1.6042,1.7285,1.3304,1.5482
2025-06-19,1.931,2.1375,1.8516,1.5016,1.5901,1.7105,1.3174,1.5316
2025-06-20,1.9249,2.133,1.8511,1.4987,1.5902,1.7104,1.3161,1.5316
2025-06-23,1.9165,2.121,1.8449,1.5008,1.5866,1.6998,1.3072,1.5244
2025-06-24,1.9166,2.1317,1.8446,1.4894,1.5893,1.7244,1.322,1.5439
2025-06-25,1.9067,2.1294,1.8375,1.476,1.5805,1.7111,1.3081,1.5309
2025-06-26,1.9211,2.1498,1.8542,1.4981,1.5896,1.711,1.3126,1.5292
2025-06-27,1.9334,2.1706,1.8571,1.5001,1.5942,1.725,1.3231,1.5415
2025-06-30,1.9287,2.1757,1.8584,1.4988,1.5938,1.7226,1.3221,1.5388
2025-07-01,1.9328,2.1568,1.8647,1.505,1.6009,1.7261,1.3292,1.5434
2025-07-02,1.9321,2.1501,1.8741,1.5189,1.6107,1.7189,1.314,1.5409
2025-07-03,1.9439,2.1722,1.8745,1.5125,1.6092,1.7244,1.3212,1.5436
2025-07-04,1.9479,2.1763,1.8866,1.5139,1.6185,1.7312,1.3275,1.5494
2025-07-07,1.94,2.1757,1.8839,1.51,1.6164,1.7328,1.3264,1.5503
2025-07-08,1.9539,2.1856,1.888,1.5166,1.6201,1.7383,1.3291,1.555
2025-07-09,1.9587,2.2014,1.8816,1.5054,1.6135,1.7368,1.3265,1.552
2025-07-10,1.9844,2.215,1.9078,1.5317,1.6362,1.7649,1.3499,1.5767
2025-07-11,1.9802,2.2186,1.9034,1.5253,1.6302,1.753,1.3409,1.5652
2025-07-14,1.9933,2.2353,1.915,1.5354,1.642,1.7658,1.3518,1.5781
2025-07-15,1.9766,2.2177,1.898,1.5191,1.6262,1.7546,1.3397,1.5661
2025-07-16,1.9754,2.2117,1.8877,1.5107,1.6184,1.7484,1.3352,1.561
2025-07-17,1.9899,2.2411,1.9038,1.5143,1.6305,1.7649,1.3411,1.5737
2025-07-18,1.9896,2.2419,1.9108,1.5192,1.6354,1.7622,1.3403,1.5718
2025-07-21,2.0028,2.2465,1.9233,1.5281,1.6445,1.7843,1.3529,1.5882
2025-07-22,2.0026,2.2312,1.9106,1.5246,1.6359,1.776,1.3507,1.5826
2025-07-23,2.0121,2.239,1.9083,1.5233,1.6339,1.7771,1.3499,1.5829
2025-07-24,2.0244,2.2487,1.9099,1.5271,1.6379,1.787,1.357,1.5928
2025-07-25,2.0236,2.249,1.9195,1.5292,1.645,1.7986,1.3607,1.6016
2025-07-28,2.0168,2.2434,1.8986,1.5145,1.6277,1.7878,1.3505,1.5911
2025-07-29,2.0311,2.2729,1.9019,1.5124,1.6316,1.798,1.3526,1.5999
2025-07-30,2.0323,2.2586,1.905,1.5205,1.6349,1.8115,1.3614,1.6107
2025-07-31,2.0269,2.2998,1.8895,1.5056,1.6208,1.7899,1.3447,1.5918
2025-08-01,2.0082,2.2763,1.8752,1.5075,1.6141,1.7594,1.3388,1.573
2025-08-04,2.0327,2.3162,1.9207,1.521,1.6508,1.8037,1.3653,1.6101
2025-08-05,2.0317,2.3051,1.9119,1.5199,1.6434,1.7935,1.3595,1.6014
2025-08-06,2.0377,2.3207,1.8953,1.5033,1.6319,1.7797,1.3488,1.5917
2025-08-07,2.0109,2.2849,1.8887,1.4989,1.6274,1.7688,1.3442,1.5826
2025-08-08,2.0202,2.2881,1.9048,1.5067,1.6425,1.767,1.3429,1.5803
2025-08-11,2.0359,2.3055,1.9222,1.524,1.657,1.7835,1.3536,1.5938
2025-08-12,2.0472,2.3206,1.9368,1.5339,1.6697,1.7889,1.3556,1.5972
2025-08-13,2.058,2.3235,1.9447,1.5429,1.6784,1.8035,1.3708,1.6129
2025-08-14,2.055,2.3396,1.9326,1.5378,1.6628,1.8008,1.3641,1.6071
2025-08-15,2.0495,2.3161,1.9209,1.527,1.6558,1.7876,1.3551,1.5974
2025-08-18,2.052,2.3254,1.923,1.5324,1.6564,1.7992,1.3635,1.6078
2025-08-19,2.0542,2.3095,1.9224,1.5292,1.6582,1.8024,1.3682,1.614
2025-08-20,2.0699,2.3051,1.9229,1.5312,1.6618,1.8181,1.3907,1.6352
2025-08-21,2.0834,2.3266,1.9365,1.542,1.6733,1.8303,1.3968,1.6449
2025-08-22,2.0859,2.3306,1.9442,1.5449,1.6803,1.8225,1.3909,1.6364
2025-08-26,2.0803,2.3336,1.9367,1.5382,1.6725,1.8195,1.3811,1.6314
2025-08-27,2.0772,2.326,1.9334,1.5366,1.67,1.8174,1.3821,1.6302
2025-08-28,2.0706,2.3207,1.9306,1.5327,1.6684,1.8072,1.3751,1.6205
2025-08-29,2.0566,2.307,1.9115,1.5144,1.6519,1.8004,1.3699,1.6158
2025-09-01,2.068,2.3371,1.9269,1.5254,1.6615,1.8193,1.3795,1.6305
2025-09-02,2.0516,2.3038,1.8978,1.5016,1.6388,1.8009,1.3743,1.6191
2025-09-03,2.0644,2.3205,1.9159,1.5162,1.6545,1.8208,1.3872,1.6368
2025-09-04,2.0737,2.3232,1.9239,1.5209,1.6612,1.8297,1.3963,1.6464
2025-09-05,2.0629,2.3134,1.9156,1.5081,1.6526,1.8348,1.3944,1.6488
2025-09-08,2.0681,2.3312,1.9259,1.5165,1.6608,1.8467,1.4011,1.6586
2025-09-09,2.0857,2.3449,1.9453,1.5446,1.6744,1.86,1.4312,1.6679
2025-09-10,2.0858,2.3573,1.9407,1.5397,1.6699,1.8631,1.4254,1.6689
2025-09-11,2.1105,2.3977,1.9521,1.5489,1.6772,1.8969,1.441,1.6936
2025-09-12,2.1133,2.4055,1.9568,1.5552,1.6798,1.9121,1.4533,1.7048
2025-09-15,2.1192,2.4241,1.9665,1.5627,1.6864,1.9299,1.4651,1.7182
2025-09-16,2.1027,2.3981,1.9716,1.5664,1.6917,1.9283,1.469,1.7185
2025-09-17,2.0974,2.3858,1.9503,1.5472,1.6738,1.9019,1.4492,1.6958
2025-09-18,2.099,2.3966,1.9618,1.5593,1.6823,1.9061,1.4564,1.6987
2025-09-19,2.1016,2.4038,1.973,1.5708,1.6895,1.9214,1.4718,1.7101
2025-09-22,2.1104,2.4108,1.9926,1.5814,1.7065,1.94,1.4864,1.727
2025-09-23,2.1145,2.4229,2.0111,1.5982,1.7217,1.9479,1.4969,1.7343
2025-09-24,2.1266,2.4386,2.0419,1.6238,1.7472,1.9804,1.5253,1.762
2025-09-25,2.1219,2.4276,2.063,1.6322,1.7683,2.0,1.5353,1.783
2025-09-26,2.1426,2.4559,2.0746,1.6507,1.7766,2.0093,1.5494,1.7895
2025-09-29,2.1443,2.4474,2.0673,1.641,1.7707,2.0187,1.5537,1.7971
2025-09-30,2.1544,2.4682,2.0596,1.6365,1.7603,2.0217,1.5543,1.7953
2025-10-01,2.1721,2.4739,2.0598,1.6377,1.7629,2.0155,1.5512,1.7929
2025-10-02,2.1737,2.473,2.044,1.6273,1.7494,2.0096,1.546,1.7868
2025-10-03,2.1899,2.4912,2.0589,1.6388,1.7598,2.0164,1.5493,1.7925
2025-10-06,2.1895,2.4797,2.0523,1.637,1.7528,2.0232,1.5535,1.7977
2025-10-07,2.185,2.4717,2.0488,1.6397,1.7507,2.0198,1.5526,1.7942
2025-10-08,2.2034,2.4917,2.0609,1.6442,1.7602,2.0281,1.5578,1.802
2025-10-09,2.1916,2.4737,2.0672,1.6535,1.7666,2.0137,1.5586,1.7862
2025-10-10,2.1671,2.4424,2.0641,1.653,1.7668,1.9886,1.5393,1.765
2025-10-13,2.1718,2.4387,2.0632,1.6488,1.7658,1.9875,1.5383,1.7639
2025-10-14,2.178,2.4419,2.0787,1.6616,1.7808,1.989,1.54,1.766
2025-10-15,2.1695,2.4247,2.0645,1.6476,1.7678,1.9771,1.5309,1.7552
2025-10-16,2.1734,2.4408,2.0707,1.6509,1.7754,1.9715,1.5271,1.7505
2025-10-17,2.1419,2.3835,2.0624,1.6558,1.7721,1.9571,1.519,1.7369
2025-10-20,2.1567,2.4102,2.0676,1.6571,1.7759,1.962,1.5227,1.7415
2025-10-21,2.1597,2.4196,2.0667,1.6497,1.7744,1.9706,1.5274,1.7496
2025-10-22,2.1802,2.422,2.0827,1.6611,1.7876,1.9888,1.5399,1.7657
2025-10-23,2.1981,2.4396,2.081,1.6602,1.7872,1.9991,1.5455,1.7735
2025-10-24,2.213,2.4615,2.1056,1.6758,1.8066,2.0049,1.5437,1.7803
2025-10-27,2.2223,2.4708,2.1205,1.6791,1.8174,2.0142,1.5523,1.7886
2025-10-28,2.235,2.4822,2.1128,1.6677,1.8105,2.0265,1.5544,1.8018
2025-10-29,2.2652,2.511,2.1435,1.6723,1.833,2.0725,1.5994,1.8416
2025-10-30,2.2696,2.5185,2.154,1.6732,1.841,2.0856,1.6108,1.8529
2025-10-31,2.2637,2.5127,2.1484,1.6672,1.8361,2.0839,1.6092,1.8514
2025-11-03,2.2463,2.5039,2.1338,1.6474,1.8253,2.0671,1.5897,1.8371
2025-11-04,2.2467,2.4955,2.1401,1.6474,1.832,2.0705,1.5866,1.8415
2025-11-05,2.2592,2.5104,2.1509,1.6565,1.841,2.0762,1.5964,1.8461
2025-11-06,2.2652,2.5038,2.1752,1.6797,1.8611,2.1027,1.6104,1.8697
2025-11-07,2.2608,2.5004,2.1626,1.6732,1.8497,2.0923,1.6008,1.8609
2025-11-10,2.2893,2.5392,2.1959,1.6978,1.8783,2.1304,1.6252,1.8941
2025-11-11,2.322,2.5564,2.2386,1.7304,1.9147,2.1734,1.6566,1.9333
2025-11-12,2.324,2.5611,2.2546,1.7434,1.9285,2.1882,1.6682,1.9456
2025-11-13,2.3117,2.5362,2.2484,1.7432,1.9229,2.1793,1.6639,1.937
2025-11-14,2.2775,2.498,2.2157,1.7228,1.895,2.1396,1.6314,1.9024
2025-11-17,2.2728,2.4869,2.2115,1.7208,1.8912,2.1371,1.6291,1.9008
2025-11-18,2.2429,2.4479,2.1743,1.6943,1.8586,2.1044,1.6014,1.8728
2025-11-19,2.2248,2.4238,2.1582,1.6858,1.8446,2.0918,1.5895,1.8611
2025-11-20,2.2262,2.4332,2.1503,1.6787,1.8383,2.0836,1.5789,1.8542
2025-11-21,2.2154,2.4002,2.1436,1.6622,1.8348,2.0725,1.5585,1.8472
2025-11-24,2.2181,2.3953,2.1628,1.6845,1.8501,2.0972,1.5808,1.8676
2025-11-25,2.2391,2.4215,2.1895,1.7003,1.8728,2.1317,1.6013,1.8986
2025-11-26,2.2689,2.457,2.2205,1.7163,1.8999,2.1697,1.6269,1.9324
2025-11-27,2.2761,2.4691,2.2305,1.7206,1.9077,2.1864,1.6419,1.9464
2025-11-28,2.2824,2.4778,2.2326,1.7222,1.9086,2.1855,1.6374,1.9457
2025-12-01,2.2772,2.4567,2.2257,1.7126,1.9014,2.1778,1.6211,1.9393
2025-12-02,2.287,2.4737,2.2493,1.7287,1.923,2.2096,1.6498,1.9672
2025-12-03,2.2947,2.4803,2.2605,1.751,1.9296,2.1855,1.6455,1.9456
2025-12-04,2.3052,2.507,2.2748,1.7576,1.9419,2.2015,1.6585,1.9593
2025-12-05,2.2864,2.4857,2.2482,1.7362,1.9188,2.174,1.637,1.9348
2025-12-08,2.2886,2.5011,2.2529,1.7381,1.9228,2.1808,1.6401,1.9406
2025-12-09,2.2908,2.5047,2.2522,1.7379,1.9214,2.1796,1.6359,1.9393
2025-12-10,2.297,2.5075,2.2568,1.7391,1.9253,2.1983,1.6411,1.9574
2025-12-11,2.3038,2.5093,2.2653,1.7416,1.9318,2.2077,1.6442,1.9656
2025-12-12,2.288,2.4945,2.243,1.7271,1.9135,2.1947,1.636,1.9545
2025-12-15,2.3092,2.524,2.284,1.7538,1.9482,2.2337,1.6598,1.9884
2025-12-16,2.2859,2.4964,2.2694,1.7413,1.9368,2.2233,1.6516,1.9788
2025-12-17,2.3102,2.5201,2.295,1.7581,1.958,2.2538,1.6688,2.0065
2025-12-18,2.3269,2.5561,2.318,1.7762,1.9768,2.2703,1.6811,2.021
2025-12-19,2.3476,2.5876,2.3356,1.7855,1.9914,2.2909,1.6935,2.0395
2025-12-22,2.3432,2.5768,2.3318,1.7816,1.9879,2.2868,1.6867,2.0358
2025-12-23,2.3536,2.5869,2.3487,1.7957,2.0022,2.3018,1.6989,2.0492
2025-12-24,2.3477,2.5767,2.3451,1.7959,1.999,2.2978,1.6961,2.0459
2025-12-29,2.3482,2.5694,2.3435,1.7963,1.9974,2.2883,1.6939,2.0371
2025-12-30,2.3714,2.5979,2.366,1.8145,2.0152,2.3045,1.7048,2.051
2025-12-31,2.3703,2.5952,2.3673,1.8159,2.0167,2.3026,1.7046,2.0499
2026-01-02,2.3886,2.6377,2.3794,1.8278,2.0257,2.3204,1.709,2.0619
2026-01-05,2.4083,2.6795,2.405,1.8413,2.0399,2.3214,1.7024,2.0588
2026-01-06,2.4433,2.7103,2.4678,1.8794,2.0918,2.3827,1.7467,2.1122
2026-01-07,2.4229,2.6946,2.465,1.8624,2.0842,2.3772,1.7354,2.1021
2026-01-08,2.4182,2.7091,2.4596,1.8441,2.0727,2.3309,1.6853,2.0534
2026-01-09,2.4389,2.7385,2.5284,1.899,2.126,2.3457,1.6953,2.0668
2026-01-12,2.4504,2.7435,2.5563,1.9201,2.1458,2.3429,1.6962,2.0661
2026-01-13,2.4556,2.7555,2.5543,1.9279,2.1474,2.355,1.7071,2.0778
2026-01-14,2.4715,2.7483,2.5817,1.9465,2.1708,2.364,1.7204,2.0892
2026-01-15,2.4803,2.7582,2.5726,1.9436,2.1615,2.3532,1.7162,2.0812
2026-01-16,2.4784,2.7711,2.5647,1.9366,2.1553,2.3454,1.7095,2.0729
2026-01-19,2.473,2.7553,2.5575,1.9306,2.1475,2.3326,1.7023,2.063
2026-01-20,2.4646,2.755,2.5339,1.9174,2.1272,2.3203,1.6902,2.0508
2026-01-21,2.4727,2.7437,2.5478,1.9299,2.1361,2.2991,1.678,2.0349
2026-01-22,2.4635,2.7295,2.5165,1.9014,2.1122,2.2901,1.6681,2.0249
2026-01-23,2.4741,2.7395,2.543,1.9195,2.1315,2.2926,1.6686,2.0264
2026-01-26,2.4795,2.7324,2.5374,1.9142,2.1288,2.2992,1.6754,2.0334
2026-01-27,2.5133,2.7697,2.568,1.9348,2.1542,2.3187,1.6883,2.0514
2026-01-28,2.4935,2.7337,2.5311,1.913,2.1273,2.3004,1.6726,2.0376
2026-01-29,2.5073,2.7379,2.5427,1.9113,2.1422,2.3139,1.6908,2.0533
2026-01-30,2.5259,2.7616,2.5583,1.9188,2.1548,2.3286,1.7006,2.066
2026-02-02,2.5574,2.796,2.58,1.921,2.174,2.3491,1.7083,2.0857
2026-02-03,2.5831,2.817,2.5837,1.9137,2.1769,2.36,1.7195,2.0954
2026-02-04,2.6022,2.8081,2.6128,1.902,2.2107,2.406,1.7704,2.1418
2026-02-05,2.5484,2.7458,2.6199,1.8911,2.2145,2.3926,1.7846,2.1271
2026-02-06,2.5768,2.784,2.6451,1.9073,2.2336,2.4143,1.7984,2.1453
2026-02-09,2.5917,2.8151,2.6711,1.9272,2.2511,2.4327,1.8065,2.1603
2026-02-10,2.5675,2.7731,2.6675,1.9363,2.2521,2.4333,1.8075,2.1621
2026-02-11,2.6105,2.8044,2.7046,1.985,2.2876,2.4783,1.8201,2.2047
2026-02-12,2.5846,2.7656,2.6911,1.9859,2.2766,2.4742,1.8129,2.2
2026-02-13,2.5921,2.7861,2.7323,2.012,2.3057,2.4929,1.8293,2.2138
2026-02-16,2.6144,2.8282,2.7645,2.0367,2.328,2.5121,1.8483,2.2276
2026-02-17,2.6344,2.8461,2.7929,2.057,2.353,2.5446,1.8714,2.2561
2026-02-18,2.6812,2.9074,2.8455,2.0983,2.3953,2.5838,1.9098,2.2893
2026-02-19,2.6606,2.89,2.841,2.107,2.3893,2.577,1.9067,2.2815
2026-02-20,2.664,2.9011,2.8414,2.1062,2.3883,2.5731,1.9018,2.2779
2026-02-23,2.6695,2.8968,2.8385,2.1031,2.3886,2.576,1.8983,2.2827
2026-02-24,2.6661,2.8807,2.8224,2.0982,2.3769,2.5704,1.894,2.2775
2026-02-25,2.6964,2.9115,2.8589,2.1221,2.4061,2.592,1.8996,2.2962
2026-02-26,2.69,2.9348,2.8288,2.0973,2.3809,2.587,1.893,2.2911
2026-02-27,2.6898,2.9182,2.8368,2.1166,2.3856,2.5897,1.8962,2.2925
2026-03-02,2.6729,2.9171,2.8216,2.1133,2.3709,2.6092,1.9374,2.3067
2026-03-03,2.6125,2.8401,2.7783,2.0826,2.3335,2.5805,1.917,2.2817
2026-03-04,2.6353,2.894,2.7754,2.0735,2.3315,2.5919,1.9341,2.2905
2026-03-05,2.5822,2.8102,2.7482,2.0533,2.3094,2.5471,1.8806,2.2541
2026-03-06,2.5543,2.7781,2.7177,2.0303,2.2846,2.5422,1.8905,2.2496
2026-03-09,2.556,2.7713,2.729,2.0459,2.2927,2.5628,1.9107,2.2662
2026-03-10,2.6005,2.8459,2.7643,2.0649,2.3214,2.5816,1.9201,2.2812
2026-03-11,2.5946,2.8337,2.7783,2.0798,2.3326,2.5898,1.9193,2.2894
2026-03-12,2.5827,2.8096,2.7811,2.0862,2.3322,2.6191,1.9544,2.3139
2026-03-13,2.5691,2.7636,2.7729,2.0786,2.3277,2.6137,1.9532,2.3117
2026-03-16,2.586,2.7864,2.7821,2.0825,2.3361,2.6302,1.9633,2.3271
2026-03-17,2.6116,2.8169,2.8162,2.1023,2.3641,2.667,1.9854,2.3601
2026-03-18,2.5993,2.8165,2.8047,2.0917,2.3531,2.6627,1.9819,2.3551
2026-03-19,2.5424,2.7308,2.7968,2.0979,2.3456,2.6335,1.966,2.3308
2026-03-20,2.504,2.6786,2.7628,2.0735,2.3162,2.5881,1.9332,2.2902
2026-03-23,2.4898,2.6779,2.7356,2.043,2.2947,2.5395,1.8808,2.2483
2026-03-24,2.5182,2.6886,2.7912,2.0882,2.3404,2.5794,1.9008,2.2846
2026-03-25,2.5554,2.735,2.8481,2.1345,2.3879,2.6307,1.9308,2.3298
2026-03-26,2.5283,2.6877,2.817,2.1176,2.3638,2.5713,1.8897,2.2769
2026-03-27,2.5291,2.6661,2.8052,2.0929,2.3541,2.5532,1.8836,2.2606
2026-03-30,2.5734,2.7033,2.8479,2.1216,2.3902,2.5919,1.9208,2.2948
2026-03-31,2.5925,2.7409,2.8919,2.149,2.4263,2.645,1.9649,2.342
2026-04-01,2.6433,2.8298,2.9542,2.1845,2.4769,2.7537,2.0504,2.4404
2026-04-02,2.6586,2.8303,2.9531,2.1951,2.4768,2.7371,2.0351,2.4254
2026-04-07,2.6338,2.7859,2.9205,2.1755,2.4507,2.6937,2.0059,2.387
2026-04-08,2.7054,2.9137,3.0403,2.2554,2.5481,2.844,2.0932,2.5206
2026-04-09,2.7115,2.9166,3.0499,2.2744,2.5575,2.8316,2.0816,2.5094
2026-04-10,2.7105,2.9058,3.0636,2.2756,2.5685,2.832,2.0679,2.5088
2026-04-13,2.7068,2.9094,3.0574,2.2711,2.5638,2.8341,2.0835,2.5114
2026-04-14,2.7076,2.933,3.0897,2.2889,2.5901,2.8735,2.1053,2.5465
2026-04-15,2.6909,2.909,3.0582,2.2684,2.5642,2.8521,2.0983,2.5284
2026-04-16,2.6988,2.8931,3.054,2.2734,2.5622,2.8195,2.0726,2.4989
2026-04-17,2.7067,2.9316,3.0609,2.2759,2.5654,2.8751,2.1045,2.5493
2026-04-20,2.6932,2.8924,3.0222,2.2537,2.5337,2.8207,2.0666,2.5004
2026-04-21,2.6467,2.8145,2.9757,2.2134,2.496,2.7489,2.0126,2.436
2026-04-22,2.6461,2.7886,2.9646,2.1986,2.4862,2.7225,1.9881,2.411
2026-04-23,2.6371,2.7858,2.9511,2.1899,2.4741,2.704,1.9628,2.3936
2026-04-24,2.6112,2.7447,2.9034,2.1593,2.4334,2.6673,1.9403,2.362
2026-04-27,2.5984,2.7376,2.9081,2.1632,2.4372,2.6647,1.9423,2.3598
2026-04-28,2.6095,2.7505,2.9191,2.1714,2.446,2.6799,1.9548,2.3738
2026-04-29,2.5784,2.7088,2.8864,2.1556,2.4197,2.6521,1.9472,2.3512
2026-04-30,2.6311,2.7925,2.9638,2.1932,2.4805,2.7283,1.9797,2.4143
2026-05-01,2.6195,2.7854,2.937,2.1611,2.4544,2.7173,1.9781,2.4042
2026-05-05,2.575,2.7494,2.8922,2.1245,2.415,2.6312,1.898,2.3234
2026-05-06,2.6361,2.8399,2.9782,2.1629,2.4839,2.7757,1.995,2.4497
2026-05-07,2.6061,2.8089,2.9392,2.1269,2.4497,2.7559,1.9752,2.4314
2026-05-08,2.5829,2.7589,2.9086,2.1211,2.4291,2.7267,1.9639,2.4087
2026-05-11,2.594,2.7706,2.9112,2.1226,2.4312,2.7281,1.9605,2.4099
2026-05-12,2.5665,2.729,2.8653,2.1025,2.3955,2.6477,1.9038,2.3399
2026-05-13,2.5938,2.7566,2.8869,2.1144,2.4128,2.6785,1.9311,2.3675
2026-05-14,2.5965,2.7597,2.9046,2.1297,2.4284,2.7093,1.963,2.396
2026-05-15,2.545,2.689,2.8521,2.1093,2.3873,2.6353,1.9146,2.3326
2026-05-18,2.5761,2.7245,2.8909,2.1385,2.419,2.6637,1.9344,2.3575
2026-05-19,2.5774,2.7293,2.9078,2.1509,2.4338,2.6677,1.9355,2.3603
2026-05-20,2.613,2.7928,2.9785,2.1861,2.4899,2.763,2.0003,2.4429
2026-05-21,2.6155,2.7885,2.9672,2.1835,2.4815,2.7472,1.99,2.4295
2026-05-22,2.6208,2.8169,2.975,2.1729,2.4851,2.783,2.0089,2.4592
2026-05-26,2.63,2.8351,3.0316,2.215,2.5314,2.8096,2.0162,2.4784
2026-05-27,2.629,2.8491,3.0332,2.2134,2.5337,2.8097,2.0013,2.4753
2026-05-28,2.6197,2.8518,3.0089,2.2055,2.5136,2.7828,1.9893,2.4521
2026-05-29,2.6226,2.8702,3.0283,2.2188,2.53,2.7949,1.9838,2.4587
2026-06-01,2.6043,2.8183,3.0382,2.2324,2.5377,2.7912,1.9945,2.4582
2026-06-02,2.6241,2.8423,3.1258,2.3086,2.6104,2.8404,2.026,2.4979
2026-06-03,2.618,2.821,3.0708,2.2567,2.5639,2.8112,2.0169,2.4774
2026-06-04,2.6225,2.8308,3.0617,2.2384,2.5528,2.8065,2.0159,2.472
2026-06-05,2.6179,2.8211,3.0036,2.1874,2.5048,2.7789,2.0006,2.4506
2026-06-08,2.6217,2.8274,3.0083,2.1821,2.5087,2.7846,1.9968,2.4551
2026-06-09,2.5818,2.7703,2.9362,2.1375,2.4477,2.7383,1.9794,2.4159
2026-06-10,2.5959,2.7778,2.9139,2.13,2.4294,2.7385,1.9999,2.4204
2026-06-11,2.6194,2.8078,2.9513,2.1571,2.4615,2.7632,2.012,2.4418
2026-06-12,2.6652,2.8759,3.0646,2.2408,2.5554,2.8597,2.0704,2.5223
2026-06-15,2.6412,2.879,3.082,2.2645,2.5711,2.8702,2.0719,2.5285
2026-06-16,2.6619,2.9199,3.1217,2.281,2.6033,2.8987,2.0788,2.551
2026-06-17,2.6685,2.9311,3.1523,2.3038,2.6285,2.9277,2.0895,2.5722
2026-06-18,2.6397,2.9189,3.1181,2.2626,2.5998,2.9074,2.0618,2.5529
2026-06-19,2.6258,2.9094,3.0801,2.2268,2.5675,2.8667,2.0221,2.5148
2026-06-22,2.6563,2.9402,3.1458,2.2767,2.621,2.9381,2.0715,2.5751
2026-06-23,2.6431,2.9184,3.1032,2.2461,2.5867,2.8849,2.0474,2.5307
2026-06-24,2.632,2.9171,3.111,2.2546,2.5966,2.8641,2.0439,2.5175
2026-06-25,2.6491,2.9406,3.1202,2.2597,2.6028,2.8825,2.0592,2.5328
2026-06-26,2.6376,2.9137,3.1009,2.2562,2.5911,2.8669,2.0513,2.5214
2026-06-29,2.6296,2.9133,3.0957,2.2501,2.5869,2.8555,2.0464,2.5124
2026-06-30,2.6348,2.9417,3.1228,2.2568,2.6058,2.8743,2.0583,2.5272
2026-07-01,2.6326,2.9567,3.152,2.2728,2.6287,2.8811,2.0658,2.5333
2026-07-02,2.6799,3.0039,3.221,2.3284,2.6894,2.9123,2.0957,2.5636
2026-07-03,2.6837,3.023,3.2271,2.3171,2.6895,2.9098,2.0902,2.5592
2026-07-06,2.6808,3.0301,3.2432,2.3197,2.6992,2.9074,2.086,2.5549
2026-07-07,2.6744,2.9864,3.1898,2.3102,2.6645,2.8842,2.0773,2.5387
2026-07-08,2.6407,2.9308,3.1311,2.2865,2.6218,2.8243,2.0473,2.4902
2026-07-09,2.6262,2.9373,3.1276,2.272,2.6139,2.8619,2.0588,2.5187
2026-07-10,2.6508,2.9501,3.1445,2.288,2.6293,2.881,2.0762,2.5365
2026-07-13,2.6584,2.9383,3.1289,2.2794,2.6164,2.8675,2.0611,2.5235
2026-07-14,2.6783,2.9505,3.1664,2.3201,2.6506,2.93,2.1015,2.5778
2026-07-15,2.6604,2.9355,3.1327,2.2972,2.6226,2.9027,2.0879,2.5545
2026-07-16,2.6793,2.9417,3.1429,2.3141,2.6345,2.9071,2.0961,2.56
2026-07-17,2.6879,2.9425,3.1521,2.3275,2.6453,2.9074,2.0982,2.562
